{
  "id": "parallels_sc",
  "name": "parallels",
  "description": "A story-based mod post true ending.",
  "version": "1.4.1",
  "manifestVersion": 1,
  "_flags": [
    "do_olid"
  ],
  "image_deltas": [
    {
      "patch": "img/animations/e_healjuice.png",
      "with": "olid/7a89261a79a616b9996d2b4e70a26cdbdae28e2972a8913a85197ba850cada35.olid",
      "dir": false
    },
    {
      "patch": "img/animations/e_statdown.png",
      "with": "olid/4d04a1360a545718329bc16149e825566b4a39d85232bac620c5a588a8c1698c.olid",
      "dir": false
    },
    {
      "patch": "img/animations/e_statup.png",
      "with": "olid/6b153bd58a9d24df0d46bd3995561530fad4bfba91ddac88d8e74477248bb865.olid",
      "dir": false
    },
    {
      "patch": "img/animations/u_healjuice.png",
      "with": "olid/851e7306ad68ea090a0ef1a6c90e75c05301099ebb42498460f3fd6c953abd45.olid",
      "dir": false
    },
    {
      "patch": "img/animations/u_statdown.png",
      "with": "olid/68836141a7d70832d8256ed594d73574c27728e5875bd748a532709366cc50bb.olid",
      "dir": false
    },
    {
      "patch": "img/animations/u_statup.png",
      "with": "olid/b3ea77d29b2c46d09fdc53a299cba67b226e0b3e96dc0fcf59d9e6c030725ac5.olid",
      "dir": false
    },
    {
      "patch": "img/atlases/Omori_TitleScreen.png",
      "with": "olid/e20036860cc783a5530713e21cd740d59945304c13924d453d5d29353b760aaa.olid",
      "dir": false
    },
    {
      "patch": "img/atlases/battleATLAS.png",
      "with": "olid/565d10c4727d80a7784d3f9fc9bf59ce5b9d48916b3d083a7fcb3dd4c042aa0e.olid",
      "dir": false
    },
    {
      "patch": "img/characters/!$Tools.png",
      "with": "olid/a19187eb27d13894796a487e7b0888710272d08a608c4b740aa742fa469adc0a.olid",
      "dir": false
    },
    {
      "patch": "img/characters/FA_Residents1.png",
      "with": "olid/6700fc9e875943cc84aed9c0acf0f5ebf2104e79c4fd778da5f664209984e127.olid",
      "dir": false
    },
    {
      "patch": "img/characters/FA_Sitting.png",
      "with": "olid/c65d47a380ae66097b9bea9339fada08473910221e7fa5513c25ad6022003706.olid",
      "dir": false
    },
    {
      "patch": "img/characters/FA_fruitseller_brayen.png",
      "with": "olid/caf035528567032d72fda841c297f9eb9be7eb8f9185e8b64f918718bf458ad2.olid",
      "dir": false
    },
    {
      "patch": "img/characters/FA_fruitseller_mango.png",
      "with": "olid/0c115490afb529ab41ae8dc349aa60ead0de1f70f0af5bf7be06ed8e19de4772.olid",
      "dir": false
    },
    {
      "patch": "img/system/ACSArrows.png",
      "with": "olid/938d1cf1272560c2685a42216c39470e48aab6c59d0fe9835cea1a677e4c344a.olid",
      "dir": false
    },
    {
      "patch": "img/system/Damage.png",
      "with": "olid/a37d40e2ab8722c20d50461800eb9a8de86ff9e89283bfa500ef6a6169cbbf34.olid",
      "dir": false
    },
    {
      "patch": "img/system/IconSet.png",
      "with": "olid/1017abf2b25a4350f088a349f43d69710a7e2df7d85541c52ed08fed76f3a926.olid",
      "dir": false
    },
    {
      "patch": "img/system/bsys_cursor.png",
      "with": "olid/483e6528d2f4940c88f5aa8bf267329791c324e985b6f0342208ebc4def861c8.olid",
      "dir": false
    },
    {
      "patch": "img/system/cursor_menu.png",
      "with": "olid/292e3a73cfeff242afe0318792a7671402c7634150760a0c79dde9bb497353aa.olid",
      "dir": false
    },
    {
      "patch": "img/system/itemImportant.png",
      "with": "olid/6f2dc38710b00ab6194b76cdf2ae4a72da6151c673df81ca699c56afa37bf250.olid",
      "dir": false
    },
    {
      "patch": "img/system/name_cursor.png",
      "with": "olid/17fa2ab2b196583beb3a07894b8dd2f00ece8f1b03c4e107b1d359c97352d982.olid",
      "dir": false
    },
    {
      "patch": "img/system/splashGalv2.png",
      "with": "olid/6f481ba2b19c37aa53ba381af42129782260b44fc371d19f66aea50c145fae0a.olid",
      "dir": false
    },
    {
      "patch": "img/system/tag_cursor.png",
      "with": "olid/8750a315814cad23b4263f4cada8c070ea20e7fb996121163aa254e8cc319530.olid",
      "dir": false
    }
  ],
  "files": {
    "plugins": [
      "plugins/HIME_WindowskinChange.js",
      "plugins/DGT_Badges_parallels.js",
      "plugins/baja_modSaveData.js",
      "plugins/TR_StatFix.js",
      "plugins/tiledfixer.js",
      "plugins/MoreInfoAcessibleEnemyEmotions.js",
      "plugins/Neb_AutoBattlePortraitOrder.js",
      "plugins/ActualTurnOrder.js",
      "plugins/ScrollingTextFix.js",
      "plugins/rph_nomori_patch.js",
      "plugins/Stahl_StateTiering.js",
      "plugins/Stahl_AltItemIcon.js",
      "plugins/RPH_More_Than_4_Skills.js",
      "plugins/TR_NewEnergySystem.js",
      "plugins/TR_ParallelsFixes.js",
      "plugins/Omori Title Screen FD.js",
      "plugins/rph_splashExpander.js",
      "plugins/Bestiary+.js",
      "plugins/KOFFIN_BattleAICore_EmotionAddon.js",
      "plugins/FixMessageCommonEvent.js",
      "plugins/rph_state_icons.js"
    ],
    "assets": [
      "audio/bgm/My_Time_Full_Instrumental.ogg",
      "audio/bgm/endtheme.ogg",
      "audio/bgm/good_morning.ogg",
      "audio/bgm/hold6.ogg",
      "audio/bgm/prl_devroom.ogg",
      "audio/bgm/prl_discussion.ogg",
      "audio/bgm/prl_tension.ogg",
      "audio/bgm/prl_title.ogg",
      "audio/bgm/prl_unsettling.ogg",
      "audio/bgm/spaceshiptheme1.ogg",
      "audio/bgm/spaceshiptheme2.ogg",
      "audio/bgm/xx_victory.ogg",
      "audio/bgs/PRL_SPACE_SIREN.ogg",
      "audio/bgs/fat_cemetary.ogg",
      "audio/me/fire.ogg",
      "audio/me/oboe_concerto.ogg",
      "audio/me/prl_kel_died.ogg",
      "audio/se/BA_cell_phone_ring.ogg",
      "audio/se/BA_cell_phone_ring_2.ogg",
      "audio/se/prl_kel_1.ogg",
      "audio/se/prl_kel_2.ogg",
      "audio/se/prl_spaceship_flyby.ogg",
      "audio/se/se_thing1.ogg",
      "audio/se/step_metal01.ogg",
      "audio/se/t_intro1.ogg",
      "audio/se/t_intro2.ogg",
      "audio/se/t_tr_intro.ogg",
      "audio/se/tbab.ogg",
      "audio/se/tbab1.ogg",
      "audio/se/tbab10.ogg",
      "audio/se/tbab11.ogg",
      "audio/se/tbab12.ogg",
      "audio/se/tbab13.ogg",
      "audio/se/tbab14.ogg",
      "audio/se/tbab15.ogg",
      "audio/se/tbab16.ogg",
      "audio/se/tbab17.ogg",
      "audio/se/tbab18.ogg",
      "audio/se/tbab19.ogg",
      "audio/se/tbab2.ogg",
      "audio/se/tbab20.ogg",
      "audio/se/tbab21.ogg",
      "audio/se/tbab22.ogg",
      "audio/se/tbab23.ogg",
      "audio/se/tbab24.ogg",
      "audio/se/tbab25.ogg",
      "audio/se/tbab26.ogg",
      "audio/se/tbab27.ogg",
      "audio/se/tbab28.ogg",
      "audio/se/tbab29.ogg",
      "audio/se/tbab3.ogg",
      "audio/se/tbab30.ogg",
      "audio/se/tbab31.ogg",
      "audio/se/tbab32.ogg",
      "audio/se/tbab33.ogg",
      "audio/se/tbab34.ogg",
      "audio/se/tbab35.ogg",
      "audio/se/tbab36.ogg",
      "audio/se/tbab37.ogg",
      "audio/se/tbab38.ogg",
      "audio/se/tbab39.ogg",
      "audio/se/tbab4.ogg",
      "audio/se/tbab40.ogg",
      "audio/se/tbab41.ogg",
      "audio/se/tbab42.ogg",
      "audio/se/tbab43.ogg",
      "audio/se/tbab44.ogg",
      "audio/se/tbab45.ogg",
      "audio/se/tbab5.ogg",
      "audio/se/tbab6.ogg",
      "audio/se/tbab7.ogg",
      "audio/se/tbab8.ogg",
      "audio/se/tbab9.ogg",
      "img/atlases/ATLAS/battleATLAS.tps",
      "img/atlases/ATLAS/battleATLAS.yaml",
      "img/atlases/OMORI/Atlas.yaml",
      "img/atlases/battleATLAS.yaml",
      "img/atlases/itemCharms.yaml",
      "img/atlases/itemConsumables.yaml",
      "img/atlases/itemImportant.yaml",
      "img/atlases/itemWeapon.yaml",
      "img/InternalCredits.txt",
      "img/animations/fume_ang.png",
      "img/animations/fume_hap.png",
      "img/animations/fume_sad.png",
      "img/atlases/prl_grave_title.png",
      "img/atlases/sticosheet.png",
      "img/battlebacks1/battleback_prl_CandyField.png",
      "img/battlebacks1/battleback_prl_SpaceShip.png",
      "img/battlebacks1/battleback_prl_spaceship_oilien.png",
      "img/battlebacks1/battleback_prl_spaceshiphalls.png",
      "img/characters/!$prl_ship_siren.png",
      "img/characters/!FA_OBJECTS_PARALLELS.png",
      "img/characters/!FA_parallels_paintings_prologue.png",
      "img/characters/!prl_sunset_pinwheels.png",
      "img/characters/$DW_PRL_AUBREY_RUN%(8).png",
      "img/characters/$DW_PRL_KIM_RUN%(8).png",
      "img/characters/$FA_GHOSTKEL_RUN%(8).png",
      "img/characters/$FA_HERO_PAJAMAS_RUN%(8).png",
      "img/characters/$FA_Hero_Basil_Hug.png",
      "img/characters/$KLUB.png",
      "img/characters/$PRL_DW_ARACHTOIL.png",
      "img/characters/$PRL_DW_ARACHTOIL_COMPENDIUM.png",
      "img/characters/$PRL_DW_BUNBUN.png",
      "img/characters/$PRL_DW_OILIEN.png",
      "img/characters/$PRL_DW_OILIEN_COMPENDIUM.png",
      "img/characters/$bs_basil_gates_prl.png",
      "img/characters/$hero_wakeup.png",
      "img/characters/$prl_dw_oilienexplode.png",
      "img/characters/$prl_fa_shadyguy.png",
      "img/characters/$prl_kel_mari_hug.png",
      "img/characters/$prl_newdesigns.png",
      "img/characters/$prl_oilien_goop.png",
      "img/characters/$prl_spaceship_flame.png",
      "img/characters/$prl_spaceship_landing.png",
      "img/characters/DW_PRL_AUBREY.png",
      "img/characters/DW_PRL_BUNBUN.png",
      "img/characters/DW_PRL_KIM.png",
      "img/characters/FA_GHOSTKEL.png",
      "img/characters/FA_HERO_PAJAMAS.png",
      "img/characters/FA_HERO_PAJAMAS_2.png",
      "img/characters/FA_PB_N_J.png",
      "img/characters/FA_PRL_Hero_Dance.png",
      "img/characters/PRL_FA_BREAKTIME.png",
      "img/characters/PRL_IMPORTANTOBJ.png",
      "img/characters/PRL_SPIRIT_MARI.png",
      "img/characters/PRL_TEAM.png",
      "img/characters/PRL_omoexe_puzzydance.png",
      "img/enemies/!battle_arachtoil.png",
      "img/enemies/!battle_oilien.png",
      "img/faces/MainCharacters_FarawaySpirit.png",
      "img/faces/MainCharacters_GhostKel.png",
      "img/faces/MainCharacters_ParallelsAubreyDW.png",
      "img/faces/MainCharacters_ParallelsHero.png",
      "img/faces/MainCharacters_ParallelsKim.png",
      "img/faces/MainCharacters_ParallelsKimDW.png",
      "img/faces/MainCharacters_SpiritMari.png",
      "img/faces/PARALLELS_FA_GHOSTKEL_BATTLE.png",
      "img/faces/PARALLELS_FA_GHOSTKEL_MENU.png",
      "img/faces/PARALLELS_FA_HERO_BATTLE.png",
      "img/faces/PARALLELS_FA_HERO_MENU.png",
      "img/faces/PRL_DW_AUBREY.png",
      "img/faces/PRL_DW_AUBREY_MENU.png",
      "img/faces/PRL_DW_KIM.png",
      "img/faces/default_face_image_here.png",
      "img/parallaxes/parallels_title.png",
      "img/parallaxes/prl_galaxy.png",
      "img/parallaxes/prl_sky.png",
      "img/parallaxes/prl_title2_bg.png",
      "img/pictures/PRL_DW_TITLE.png",
      "img/pictures/PRL_EMOTIONCHART.png",
      "img/pictures/PRL_MOUSTACHE_HERO.png",
      "img/pictures/PRL_SHIP_DARK.png",
      "img/pictures/angelpassword.png",
      "img/pictures/basilsfrontdoornightsmaller.png",
      "img/pictures/greaterfa_to_spirit_trans.png",
      "img/pictures/hero_wakeup.png",
      "img/pictures/kel_ded_1.png",
      "img/pictures/kel_ded_2.png",
      "img/pictures/kel_mari_hug.png",
      "img/pictures/parallels_mirror.png",
      "img/pictures/parallels_sirens.png",
      "img/pictures/prl_artistspaintings.png",
      "img/pictures/prl_credits.png",
      "img/pictures/prl_kimphoto.png",
      "img/pictures/prl_kimphoto_burn.png",
      "img/pictures/prl_shipcpu_bg.png",
      "img/pictures/sirens1.png",
      "img/pictures/sirens2.png",
      "img/pictures/sirens3.png",
      "img/sv_actors/!battle_arachtoil.png",
      "img/sv_actors/!battle_oilien.png",
      "img/system/Window_Default.png",
      "img/system/Window_Radio.png",
      "img/system/Window_Think.png",
      "img/system/badge_locked.png",
      "img/system/badge_locked_dw.png",
      "img/system/badge_locked_prologue.png",
      "img/system/badge_toast_border_dw.png",
      "img/system/badge_toast_border_fat.png",
      "img/system/badge_toast_border_parallels.png",
      "img/system/badges/badge_artistsassistant.png",
      "img/system/badges/badge_brothersdivided.png",
      "img/system/badges/badge_chatterbox.png",
      "img/system/badges/badge_cleaninghero.png",
      "img/system/badges/badge_findmyphone.png",
      "img/system/badges/badge_musicalmastermind.png",
      "img/system/badges/badge_placeholder.png",
      "img/system/badges/badge_powerful.png",
      "img/system/badges/badge_puppylove.png",
      "img/system/badges/badge_receptionist.png",
      "img/system/badges/badge_scammed.png",
      "img/system/badges/badge_soulsister.png",
      "img/system/badges/badge_unsettling.png",
      "img/system/badges/badge_voicesinthewalls.png",
      "img/system/badges/badge_youfoundkel.png",
      "img/system/energy_icon.png",
      "img/system/icons/chcactus.png",
      "img/system/icons/chclam.png",
      "img/system/icons/chexp.png",
      "img/system/icons/chfinger.png",
      "img/system/icons/chgod.png",
      "img/system/icons/chhpcut.png",
      "img/system/icons/chlkafr.png",
      "img/system/icons/chlkang.png",
      "img/system/icons/chlkhap.png",
      "img/system/icons/chlksad.png",
      "img/system/icons/chmask.png",
      "img/system/icons/chp1def.png",
      "img/system/icons/chp1mpc.png",
      "img/system/icons/chp1mrg.png",
      "img/system/icons/chp2def.png",
      "img/system/icons/chp2mpc.png",
      "img/system/icons/chp3def.png",
      "img/system/icons/chp3eva.png",
      "img/system/icons/chp3mpc.png",
      "img/system/icons/chrsafr.png",
      "img/system/icons/chrsang.png",
      "img/system/icons/chrshap.png",
      "img/system/icons/chrssad.png",
      "img/system/icons/evlkang.png",
      "img/system/icons/evlkhap.png",
      "img/system/icons/evlksad.png",
      "img/system/icons/evtarget.png",
      "img/system/icons/skenergy.png",
      "img/system/icons/skflex.png",
      "img/system/icons/skguard.png",
      "img/system/icons/skhide.png",
      "img/system/icons/skhpcut.png",
      "img/system/icons/skm1atk.png",
      "img/system/icons/skm1def.png",
      "img/system/icons/skm1eva.png",
      "img/system/icons/skm1hit.png",
      "img/system/icons/skm1luk.png",
      "img/system/icons/skm1spd.png",
      "img/system/icons/skm2atk.png",
      "img/system/icons/skm2def.png",
      "img/system/icons/skm2eva.png",
      "img/system/icons/skm2hit.png",
      "img/system/icons/skm2luk.png",
      "img/system/icons/skm2spd.png",
      "img/system/icons/skm3atk.png",
      "img/system/icons/skm3def.png",
      "img/system/icons/skm3eva.png",
      "img/system/icons/skm3hit.png",
      "img/system/icons/skm3luk.png",
      "img/system/icons/skm3spd.png",
      "img/system/icons/skmpcut.png",
      "img/system/icons/skp1atk.png",
      "img/system/icons/skp1def.png",
      "img/system/icons/skp1eva.png",
      "img/system/icons/skp1hit.png",
      "img/system/icons/skp1hrg.png",
      "img/system/icons/skp1luk.png",
      "img/system/icons/skp1mrg.png",
      "img/system/icons/skp1spd.png",
      "img/system/icons/skp2atk.png",
      "img/system/icons/skp2def.png",
      "img/system/icons/skp2eva.png",
      "img/system/icons/skp2hit.png",
      "img/system/icons/skp2hrg.png",
      "img/system/icons/skp2luk.png",
      "img/system/icons/skp2mrg.png",
      "img/system/icons/skp2spd.png",
      "img/system/icons/skp3atk.png",
      "img/system/icons/skp3def.png",
      "img/system/icons/skp3eva.png",
      "img/system/icons/skp3hit.png",
      "img/system/icons/skp3hrg.png",
      "img/system/icons/skp3luk.png",
      "img/system/icons/skp3mpc.png",
      "img/system/icons/skp3mrg.png",
      "img/system/icons/skp3spd.png",
      "img/system/icons/sktarget.png",
      "img/system/icons/sktaunt.png",
      "img/system/icons/snp1atk.png",
      "img/system/icons/snp1def.png",
      "img/system/icons/snp1hrg.png",
      "img/system/icons/snp1mrg.png",
      "img/system/icons/snp1spd.png",
      "img/system/icons/snp2atk.png",
      "img/system/icons/snp2def.png",
      "img/system/icons/snp2hrg.png",
      "img/system/icons/snp2mrg.png",
      "img/system/icons/snp2spd.png",
      "img/system/icons/snp3atk.png",
      "img/system/icons/snp3def.png",
      "img/system/icons/snp3hrg.png",
      "img/system/icons/snp3mrg.png",
      "img/system/icons/snp3spd.png",
      "img/system/icons/snsnocone.png",
      "img/system/icons/stico_trans.png",
      "img/system/icons/tym3def.png",
      "img/system/icons/tym3spd.png",
      "img/system/icons/wpheal1.png",
      "img/system/icons/wpheal2.png",
      "img/system/icons/wpheal3hp.png",
      "img/system/icons/wpheal3mp.png",
      "img/system/icons/wpp2mpc.png",
      "img/system/icons/wpp3atk.png",
      "img/system/itemMiscPRL.png",
      "img/system/itemWeaponsPRL.png",
      "img/system/loadscreen_backgrounds.png",
      "img/system/mp_enemy_box_gradients.png",
      "img/tilesets/DW_HiddenLIbraryGreen_Test.png",
      "img/tilesets/PARALLELS_CUSTOM.png",
      "img/tilesets/PRL_DW_SPACESHIP.png",
      "img/tilesets/PRL_DW_SPACESHIP_CTRL.png"
    ],
    "files": [],
    "maps": [
      "maps/TerrainTiles.jsond",
      "maps/DW_HiddenLibraryGreen_Test.json",
      "maps/PARALLELS_CUSTOM.json",
      "maps/PRL_DW_SPACESHIP.json",
      "maps/PRL_DW_SpaceshipControlRoom.json",
      "maps/map514.json",
      "maps/map515.json",
      "maps/map516.json",
      "maps/map517.json",
      "maps/map519.json",
      "maps/map520.json",
      "maps/map521.json",
      "maps/map522.json",
      "maps/map523.json",
      "maps/map524.json",
      "maps/map525.json",
      "maps/map526.json",
      "maps/map527.json",
      "maps/map528.json",
      "maps/map529.json",
      "maps/map530.json",
      "maps/map531.json",
      "maps/map532.json",
      "maps/map533.json",
      "maps/map534.json",
      "maps/map535.json",
      "maps/map536.json",
      "maps/map537.json",
      "maps/map538.json",
      "maps/map539.json",
      "maps/map540.json",
      "maps/map542.json",
      "maps/map543.json",
      "maps/map544.json",
      "maps/map545.json",
      "maps/map546.json",
      "maps/map547.json",
      "maps/map548.json",
      "maps/map549.json",
      "maps/map551.json",
      "maps/map552.json",
      "maps/road_map.json",
      "maps/space_test.json"
    ],
    "text": [
      "languages/Bestiary.yamld",
      "languages/badgedata_parallels.yaml",
      "languages/modsavedata.yaml",
      "languages/parallels_SYSTEM.yaml",
      "languages/parallels_battle_dw.yaml",
      "languages/parallels_bestiary.yaml",
      "languages/parallels_computer.yaml",
      "languages/parallels_cutscenes_prologue.yaml",
      "languages/parallels_cutscenes_prologue_artist.yaml",
      "languages/parallels_cutscenes_prologue_draft.yaml",
      "languages/parallels_cutscenes_spaceship.yaml",
      "languages/parallels_dev.yaml",
      "languages/parallels_faraway_flavor_hero.yaml",
      "languages/parallels_fixit_minigame.yaml",
      "languages/parallels_flavor_spaceship.yaml",
      "languages/parallels_hero_and_kels_house.yaml",
      "languages/parallels_hero_and_kels_room.yaml",
      "languages/parallels_kels_alive.yaml",
      "languages/parallels_maris_field_cutscene.yaml",
      "languages/parallels_phone_calls.yaml",
      "languages/parallels_raiquiz.yaml",
      "languages/parallels_sidequest_faraway_trashpickup.yaml",
      "languages/parallels_test.yaml",
      "languages/songs.yaml",
      "languages/wtf_parallels.yaml"
    ],
    "data": [
      "data/Actors.jsond",
      "data/Animations.jsond",
      "data/Atlas.yamld",
      "data/Classes.jsond",
      "data/CommonEvents.jsond",
      "data/Enemies.jsond",
      "data/Items.jsond",
      "data/Map999.jsond",
      "data/MapInfos.jsond",
      "data/Skills.jsond",
      "data/States.jsond",
      "data/System.jsond",
      "data/Troops.jsond",
      "data/Weapons.jsond",
      "data/Map514.json",
      "data/Map515.json",
      "data/Map516.json",
      "data/Map517.json",
      "data/Map518.json",
      "data/Map519.json",
      "data/Map520.json",
      "data/Map521.json",
      "data/Map522.json",
      "data/Map523.json",
      "data/Map524.json",
      "data/Map525.json",
      "data/Map526.json",
      "data/Map527.json",
      "data/Map528.json",
      "data/Map529.json",
      "data/Map530.json",
      "data/Map531.json",
      "data/Map532.json",
      "data/Map533.json",
      "data/Map534.json",
      "data/Map535.json",
      "data/Map536.json",
      "data/Map537.json",
      "data/Map538.json",
      "data/Map539.json",
      "data/Map540.json",
      "data/Map541.json",
      "data/Map542.json",
      "data/Map543.json",
      "data/Map544.json",
      "data/Map545.json",
      "data/Map546.json",
      "data/Map547.json",
      "data/Map548.json",
      "data/Map549.json",
      "data/Map550.json",
      "data/Map551.json"
    ]
  },
  "$schema": "https://rph.space/oneloader.manifestv1.schema.json",
  "plugin_parameters": {
    "yep_regionevents": [
      {
        "op": "replace",
        "path": "/Region 2",
        "value": "1999"
      }
    ],
    "yep_x_messagemacros1": [
      {
        "op": "replace",
        "path": "/Macro 20 Name",
        "value": "\\puzz"
      },
      {
        "op": "replace",
        "path": "/Macro 20 Text",
        "value": "\\n<噗叽>\\fn<NotoSans_Regular>"
      },
      {
        "op": "replace",
        "path": "/Macro 19 Name",
        "value": "amb"
      },
      {
        "op": "replace",
        "path": "/Macro 19 Text",
        "value": "\\n<安蓓尔>"
      },
      {
        "op": "replace",
        "path": "/Macro 18 Name",
        "value": "pol"
      },
      {
        "op": "replace",
        "path": "/Macro 18 Text",
        "value": "\\n<波莉>"
      }
    ],
    "yep_x_messagemacros5": [
      {
        "op": "replace",
        "path": "/Macro 404 Name",
        "value": "winrad"
      },
      {
        "op": "replace",
        "path": "/Macro 404 Text",
        "value": "\\com[511]"
      },
      {
        "op": "replace",
        "path": "/Macro 403 Name",
        "value": "winthnk"
      },
      {
        "op": "replace",
        "path": "/Macro 403 Text",
        "value": "\\com[510]"
      },
      {
        "op": "replace",
        "path": "/Macro 402 Name",
        "value": "windef"
      },
      {
        "op": "replace",
        "path": "/Macro 402 Text",
        "value": "\\com[509]"
      }
    ],
    "scrollingtextfix": [
      {
        "op": "add",
        "path": "/bitmapHeight",
        "value": "2048"
      }
    ],
    "stahl_statetiering": [
      {
        "op": "add",
        "path": "/---General---",
        "value": ""
      },
      {
        "op": "add",
        "path": "/CombineBuffs",
        "value": "true"
      },
      {
        "op": "add",
        "path": "/ReaddState",
        "value": "false"
      },
      {
        "op": "add",
        "path": "/BuffAdjective",
        "value": "[\"{\\\"tierChange\\\":\\\"1\\\",\\\"adjective\\\":\\\"\\\"}\",\"{\\\"tierChange\\\":\\\"2\\\",\\\"adjective\\\":\\\"moderately!\\\"}\",\"{\\\"tierChange\\\":\\\"3\\\",\\\"adjective\\\":\\\"greatly!\\\"}\",\"{\\\"tierChange\\\":\\\"4\\\",\\\"adjective\\\":\\\"sharply!\\\"}\",\"{\\\"tierChange\\\":\\\"5\\\",\\\"adjective\\\":\\\"significantly!\\\"}\",\"{\\\"tierChange\\\":\\\"6\\\",\\\"adjective\\\":\\\"exceedingly!\\\"}\"]"
      },
      {
        "op": "add",
        "path": "/UseMaximumBuffText",
        "value": "true"
      }
    ],
    "rph_state_icons": [
      {
        "op": "add",
        "path": "/Icon Spacing",
        "value": "26"
      },
      {
        "op": "add",
        "path": "/Row Spacing",
        "value": "26"
      },
      {
        "op": "add",
        "path": "/Icons Per Row",
        "value": "5"
      }
    ]
  },
  "game_icon": "_bundletool_mod_icon.png"
}