{
"autoplayBgm":false,"autoplayBgs":false,"battleback1Name":"","battleback2Name":"","bgm":{"name":"","pan":0,"pitch":100,"volume":90},"bgs":{"name":"","pan":0,"pitch":100,"volume":90},"disableDashing":false,"displayName":"","encounterList":[],"encounterStep":30,"height":13,"note":"","parallaxLoopX":true,"parallaxLoopY":true,"parallaxName":"prl_galaxy","parallaxShow":true,"parallaxSx":5,"parallaxSy":5,"scrollType":0,"specifyBattleback":false,"tilesetId":1,"width":17,
"data":[0,0,0,0,0,0,0,0,0,0,0,0,0,0,0,0,0,0,0,0,0,0,0,0,0,0,0,0,0,0,0,0,0,0,0,0,0,0,0,0,0,0,0,0,0,0,0,0,0,0,0,0,0,0,0,0,0,0,0,0,0,0,0,0,0,0,0,0,0,0,0,0,0,0,0,0,0,0,0,0,0,0,0,0,0,0,0,0,0,0,0,0,0,0,0,0,0,0,0,0,0,0,0,0,0,0,0,0,0,0,0,0,0,0,0,0,0,0,0,0,0,0,0,0,0,0,0,0,0,0,0,0,0,0,0,0,0,0,0,0,0,0,0,0,0,0,0,0,0,0,0,0,0,0,0,0,0,0,0,0,0,0,0,0,0,0,0,0,0,0,0,0,0,0,0,0,0,0,0,0,0,0,0,0,0,0,0,0,0,0,0,0,0,0,0,0,0,0,0,0,0,0,0,0,0,0,0,0,0,0,0,0,0,0,0,0,0,0,0,0,0,0,0,0,0,0,0,0,0,0,0,0,0,0,0,0,0,0,0,0,0,0,0,0,0,0,0,0,0,0,0,0,0,0,0,0,0,0,0,0,0,0,0,0,0,0,0,0,0,0,0,0,0,0,0,0,0,0,0,0,0,0,0,0,0,0,0,0,0,0,0,0,0,0,0,0,0,0,0,0,0,0,0,0,0,0,0,0,0,0,0,0,0,0,0,0,0,0,0,0,0,0,0,0,0,0,0,0,0,0,0,0,0,0,0,0,0,0,0,0,0,0,0,0,0,0,0,0,0,0,0,0,0,0,0,0,0,0,0,0,0,0,0,0,0,0,0,0,0,0,0,0,0,0,0,0,0,0,0,0,0,0,0,0,0,0,0,0,0,0,0,0,0,0,0,0,0,0,0,0,0,0,0,0,0,0,0,0,0,0,0,0,0,0,0,0,0,0,0,0,0,0,0,0,0,0,0,0,0,0,0,0,0,0,0,0,0,0,0,0,0,0,0,0,0,0,0,0,0,0,0,0,0,0,0,0,0,0,0,0,0,0,0,0,0,0,0,0,0,0,0,0,0,0,0,0,0,0,0,0,0,0,0,0,0,0,0,0,0,0,0,0,0,0,0,0,0,0,0,0,0,0,0,0,0,0,0,0,0,0,0,0,0,0,0,0,0,0,0,0,0,0,0,0,0,0,0,0,0,0,0,0,0,0,0,0,0,0,0,0,0,0,0,0,0,0,0,0,0,0,0,0,0,0,0,0,0,0,0,0,0,0,0,0,0,0,0,0,0,0,0,0,0,0,0,0,0,0,0,0,0,0,0,0,0,0,0,0,0,0,0,0,0,0,0,0,0,0,0,0,0,0,0,0,0,0,0,0,0,0,0,0,0,0,0,0,0,0,0,0,0,0,0,0,0,0,0,0,0,0,0,0,0,0,0,0,0,0,0,0,0,0,0,0,0,0,0,0,0,0,0,0,0,0,0,0,0,0,0,0,0,0,0,0,0,0,0,0,0,0,0,0,0,0,0,0,0,0,0,0,0,0,0,0,0,0,0,0,0,0,0,0,0,0,0,0,0,0,0,0,0,0,0,0,0,0,0,0,0,0,0,0,0,0,0,0,0,0,0,0,0,0,0,0,0,0,0,0,0,0,0,0,0,0,0,0,0,0,0,0,0,0,0,0,0,0,0,0,0,0,0,0,0,0,0,0,0,0,0,0,0,0,0,0,0,0,0,0,0,0,0,0,0,0,0,0,0,0,0,0,0,0,0,0,0,0,0,0,0,0,0,0,0,0,0,0,0,0,0,0,0,0,0,0,0,0,0,0,0,0,0,0,0,0,0,0,0,0,0,0,0,0,0,0,0,0,0,0,0,0,0,0,0,0,0,0,0,0,0,0,0,0,0,0,0,0,0,0,0,0,0,0,0,0,0,0,0,0,0,0,0,0,0,0,0,0,0,0,0,0,0,0,0,0,0,0,0,0,0,0,0,0,0,0,0,0,0,0,0,0,0,0,0,0,0,0,0,0,0,0,0,0,0,0,0,0,0,0,0,0,0,0,0,0,0,0,0,0,0,0,0,0,0,0,0,0,0,0,0,0,0,0,0,0,0,0,0,0,0,0,0,0,0,0,0,0,0,0,0,0,0,0,0,0,0,0,0,0,0,0,0,0,0,0,0,0,0,0,0,0,0,0,0,0,0,0,0,0,0,0,0,0,0,0,0,0,0,0,0,0,0,0,0,0,0,0,0,0,0,0,0,0,0,0,0,0,0,0,0,0,0,0,0,0,0,0,0,0,0,0,0,0,0,0,0,0,0,0,0,0,0,0,0,0,0,0,0,0,0,0,0,0,0,0,0,0,0,0,0,0,0,0,0,0,0,0,0,0,0,0,0,0,0,0,0,0,0,0,0,0,0,0,0,0,0,0,0,0,0,0,0,0,0,0,0,0,0,0,0,0,0,0,0,0,0,0,0,0,0,0,0,0,0,0,0,0,0,0,0,0,0,0,0,0,0,0,0,0,0,0,0,0,0,0,0,0,0,0,0,0,0,0,0,0,0,0,0,0,0,0,0,0,0,0,0,0,0,0,0,0,0,0,0,0,0,0,0,0,0,0,0,0,0,0,0,0,0,0,0,0,0,0,0,0,0,0,0,0,0,0,0,0,0,0,0,0,0,0,0,0,0,0,0,0,0,0,0,0,0,0,0,0,0,0,0,0,0,0,0,0,0,0,0,0,0,0,0,0,0,0,0,0,0,0,0,0,0,0,0,0,0,0,0,0,0,0,0,0,0,0,0,0,0,0,0,0,0,0,0,0,0,0,0,0,0,0,0,0,0,0,0,0,0,0,0,0,0,0,0,0,0,0,0,0,0,0,0,0,0,0,0,0,0,0,0,0,0,0,0,0,0,0,0,0,0,0,0,0,0,0,0,0,0,0,0,0,0,0,0,0,0,0,0,0,0,0,0,0,0,0,0,0,0,0,0,0],
"events":[
null,
{"id":1,"name":"EV001","note":"","pages":[{"conditions":{"actorId":1,"actorValid":false,"itemId":1,"itemValid":false,"selfSwitchCh":"A","selfSwitchValid":false,"switch1Id":1,"switch1Valid":false,"switch2Id":1,"switch2Valid":false,"variableId":80,"variableValid":true,"variableValue":1},"directionFix":false,"image":{"tileId":0,"characterName":"PRL_TEAM","direction":8,"pattern":0,"characterIndex":1},"list":[{"code":0,"indent":0,"parameters":[]}],"moveFrequency":3,"moveRoute":{"list":[{"code":0,"parameters":[]}],"repeat":true,"skippable":false,"wait":false},"moveSpeed":3,"moveType":0,"priorityType":1,"stepAnime":false,"through":false,"trigger":0,"walkAnime":true},{"conditions":{"actorId":1,"actorValid":false,"itemId":1,"itemValid":false,"selfSwitchCh":"A","selfSwitchValid":false,"switch1Id":1,"switch1Valid":false,"switch2Id":1,"switch2Valid":false,"variableId":80,"variableValid":true,"variableValue":2},"directionFix":false,"image":{"characterIndex":0,"characterName":"","direction":2,"pattern":0,"tileId":0},"list":[{"code":0,"indent":0,"parameters":[]}],"moveFrequency":3,"moveRoute":{"list":[{"code":0,"parameters":[]}],"repeat":true,"skippable":false,"wait":false},"moveSpeed":3,"moveType":0,"priorityType":0,"stepAnime":false,"through":false,"trigger":0,"walkAnime":true}],"x":5,"y":9},
{"id":2,"name":"INITIALIZE","note":"","pages":[{"conditions":{"actorId":1,"actorValid":false,"itemId":1,"itemValid":false,"selfSwitchCh":"A","selfSwitchValid":false,"switch1Id":1,"switch1Valid":false,"switch2Id":1,"switch2Valid":false,"variableId":1,"variableValid":false,"variableValue":0},"directionFix":false,"image":{"tileId":0,"characterName":"DEV_TEST","direction":4,"pattern":1,"characterIndex":3},"list":[{"code":0,"indent":0,"parameters":[]}],"moveFrequency":3,"moveRoute":{"list":[{"code":0,"parameters":[]}],"repeat":true,"skippable":false,"wait":false},"moveSpeed":3,"moveType":0,"priorityType":1,"stepAnime":false,"through":false,"trigger":0,"walkAnime":true},{"conditions":{"actorId":1,"actorValid":false,"itemId":1,"itemValid":false,"selfSwitchCh":"A","selfSwitchValid":false,"switch1Id":2077,"switch1Valid":true,"switch2Id":1,"switch2Valid":false,"variableId":1,"variableValid":false,"variableValue":0},"directionFix":false,"image":{"characterIndex":0,"characterName":"","direction":2,"pattern":0,"tileId":0},"list":[{"code":108,"indent":0,"parameters":["TR: This Black Screen shows under the whole cutscene so the map doesn't flash"]},{"code":108,"indent":0,"parameters":["======================================================="]},{"code":222,"indent":0,"parameters":[]},{"code":231,"indent":0,"parameters":[5,"prl_credits",0,0,0,0,100,100,255,0]},{"code":355,"indent":0,"parameters":["this.setupPictureCustomFrames(5, 640, 3360, 1, 7);"]},{"code":108,"indent":0,"parameters":["hero standing in front of kel"]},{"code":122,"indent":0,"parameters":[80,80,1,0,1]},{"code":355,"indent":0,"parameters":["this.setPictureFrameIndex(5, 0);"]},{"code":122,"indent":0,"parameters":[80,80,1,0,1]},{"code":355,"indent":0,"parameters":["this.setPictureFrameIndex(5, 1);"]},{"code":122,"indent":0,"parameters":[80,80,1,0,1]},{"code":355,"indent":0,"parameters":["this.setPictureFrameIndex(5, 2);"]},{"code":122,"indent":0,"parameters":[80,80,1,0,1]},{"code":355,"indent":0,"parameters":["this.setPictureFrameIndex(5, 3);"]},{"code":122,"indent":0,"parameters":[80,80,1,0,1]},{"code":355,"indent":0,"parameters":["this.setPictureFrameIndex(5, 4);"]},{"code":122,"indent":0,"parameters":[80,80,1,0,1]},{"code":355,"indent":0,"parameters":["this.setPictureFrameIndex(5, 5);"]},{"code":122,"indent":0,"parameters":[80,80,1,0,1]},{"code":355,"indent":0,"parameters":["this.setPictureFrameIndex(5, 6);"]},{"code":123,"indent":0,"parameters":["A",0]},{"code":0,"indent":0,"parameters":[]}],"moveFrequency":3,"moveRoute":{"list":[{"code":0,"parameters":[]}],"repeat":true,"skippable":false,"wait":false},"moveSpeed":3,"moveType":0,"priorityType":0,"stepAnime":false,"through":false,"trigger":3,"walkAnime":true},{"conditions":{"actorId":1,"actorValid":false,"itemId":1,"itemValid":false,"selfSwitchCh":"A","selfSwitchValid":false,"switch1Id":2077,"switch1Valid":true,"switch2Id":1,"switch2Valid":false,"variableId":1,"variableValid":false,"variableValue":0},"directionFix":false,"image":{"characterIndex":0,"characterName":"","direction":2,"pattern":0,"tileId":0},"list":[{"code":117,"indent":0,"parameters":[30]},{"code":108,"indent":0,"parameters":["TR: This Black Screen shows under the whole cutscene so the map doesn't flash"]},{"code":108,"indent":0,"parameters":["======================================================="]},{"code":241,"indent":0,"parameters":[{"name":"endtheme","volume":90,"pitch":100,"pan":0}]},{"code":222,"indent":0,"parameters":[]},{"code":231,"indent":0,"parameters":[5,"prl_credits",0,0,0,0,100,100,0,0]},{"code":355,"indent":0,"parameters":["this.setupPictureCustomFrames(5, 640, 3360, 1, 7);"]},{"code":108,"indent":0,"parameters":["hero standing in front of kel"]},{"code":232,"indent":0,"parameters":[5,0,0,0,0,0,100,100,0,0,10,true]},{"code":122,"indent":0,"parameters":[80,80,1,0,1]},{"code":355,"indent":0,"parameters":["this.setPictureFrameIndex(5, 0);"]},{"code":232,"indent":0,"parameters":[5,0,0,0,0,0,100,100,255,0,10,true]},{"code":230,"indent":0,"parameters":[300]},{"code":230,"indent":0,"parameters":[300]},{"code":232,"indent":0,"parameters":[5,0,0,0,0,0,100,100,0,0,10,true]},{"code":122,"indent":0,"parameters":[80,80,1,0,1]},{"code":355,"indent":0,"parameters":["this.setPictureFrameIndex(5, 1);"]},{"code":232,"indent":0,"parameters":[5,0,0,0,0,0,100,100,255,0,10,true]},{"code":230,"indent":0,"parameters":[300]},{"code":230,"indent":0,"parameters":[300]},{"code":232,"indent":0,"parameters":[5,0,0,0,0,0,100,100,0,0,10,true]},{"code":122,"indent":0,"parameters":[80,80,1,0,1]},{"code":231,"indent":0,"parameters":[4,"lighting_overlay",0,0,0,0,100,100,0,3]},{"code":355,"indent":0,"parameters":["var id = 4;"]},{"code":655,"indent":0,"parameters":["this.setupPictureCustomFrames(id, 1920, 960, 3, 2);"]},{"code":655,"indent":0,"parameters":["this.setPictureFrameIndex(4, 5);"]},{"code":355,"indent":0,"parameters":["this.setPictureFrameIndex(5, 2);"]},{"code":232,"indent":0,"parameters":[4,0,0,0,0,0,100,100,160,3,10,false]},{"code":232,"indent":0,"parameters":[5,0,0,0,0,0,100,100,255,0,10,true]},{"code":230,"indent":0,"parameters":[300]},{"code":230,"indent":0,"parameters":[300]},{"code":232,"indent":0,"parameters":[4,0,0,0,0,0,100,100,160,3,10,false]},{"code":232,"indent":0,"parameters":[5,0,0,0,0,0,100,100,0,0,10,true]},{"code":235,"indent":0,"parameters":[4]},{"code":122,"indent":0,"parameters":[80,80,1,0,1]},{"code":355,"indent":0,"parameters":["this.setPictureFrameIndex(5, 3);"]},{"code":232,"indent":0,"parameters":[5,0,0,0,0,0,100,100,255,0,10,true]},{"code":230,"indent":0,"parameters":[300]},{"code":230,"indent":0,"parameters":[300]},{"code":232,"indent":0,"parameters":[5,0,0,0,0,0,100,100,0,0,10,true]},{"code":122,"indent":0,"parameters":[80,80,1,0,1]},{"code":355,"indent":0,"parameters":["this.setPictureFrameIndex(5, 4);"]},{"code":232,"indent":0,"parameters":[5,0,0,0,0,0,100,100,255,0,10,true]},{"code":230,"indent":0,"parameters":[300]},{"code":230,"indent":0,"parameters":[300]},{"code":232,"indent":0,"parameters":[5,0,0,0,0,0,100,100,0,0,10,true]},{"code":122,"indent":0,"parameters":[80,80,1,0,1]},{"code":355,"indent":0,"parameters":["this.setPictureFrameIndex(5, 5);"]},{"code":232,"indent":0,"parameters":[5,0,0,0,0,0,100,100,255,0,10,true]},{"code":230,"indent":0,"parameters":[300]},{"code":230,"indent":0,"parameters":[300]},{"code":232,"indent":0,"parameters":[5,0,0,0,0,0,100,100,0,0,10,true]},{"code":122,"indent":0,"parameters":[80,80,1,0,1]},{"code":355,"indent":0,"parameters":["this.setPictureFrameIndex(5, 6);"]},{"code":232,"indent":0,"parameters":[5,0,0,0,0,0,100,100,255,0,10,true]},{"code":230,"indent":0,"parameters":[300]},{"code":230,"indent":0,"parameters":[300]},{"code":232,"indent":0,"parameters":[5,0,0,0,0,0,100,100,0,0,10,true]},{"code":221,"indent":0,"parameters":[]},{"code":121,"indent":0,"parameters":[444,444,0]},{"code":230,"indent":0,"parameters":[300]},{"code":355,"indent":0,"parameters":["SceneManager.goto(Scene_OmoriTitleScreen)"]},{"code":222,"indent":0,"parameters":[]},{"code":123,"indent":0,"parameters":["A",0]},{"code":0,"indent":0,"parameters":[]}],"moveFrequency":3,"moveRoute":{"list":[{"code":0,"parameters":[]}],"repeat":true,"skippable":false,"wait":false},"moveSpeed":3,"moveType":0,"priorityType":0,"stepAnime":false,"through":false,"trigger":3,"walkAnime":true},{"conditions":{"actorId":1,"actorValid":false,"itemId":1,"itemValid":false,"selfSwitchCh":"A","selfSwitchValid":true,"switch1Id":1,"switch1Valid":false,"switch2Id":1,"switch2Valid":false,"variableId":1,"variableValid":false,"variableValue":0},"directionFix":false,"image":{"characterIndex":0,"characterName":"","direction":2,"pattern":0,"tileId":0},"list":[{"code":0,"indent":0,"parameters":[]}],"moveFrequency":3,"moveRoute":{"list":[{"code":0,"parameters":[]}],"repeat":true,"skippable":false,"wait":false},"moveSpeed":3,"moveType":0,"priorityType":0,"stepAnime":false,"through":false,"trigger":0,"walkAnime":true}],"x":0,"y":0},
{"id":3,"name":"EV003","note":"","pages":[{"conditions":{"actorId":1,"actorValid":false,"itemId":1,"itemValid":false,"selfSwitchCh":"A","selfSwitchValid":false,"switch1Id":1,"switch1Valid":false,"switch2Id":1,"switch2Valid":false,"variableId":80,"variableValid":true,"variableValue":1},"directionFix":false,"image":{"tileId":0,"characterName":"PRL_TEAM","direction":2,"pattern":1,"characterIndex":6},"list":[{"code":0,"indent":0,"parameters":[]}],"moveFrequency":3,"moveRoute":{"list":[{"code":0,"parameters":[]}],"repeat":true,"skippable":false,"wait":false},"moveSpeed":3,"moveType":0,"priorityType":1,"stepAnime":false,"through":false,"trigger":0,"walkAnime":true},{"conditions":{"actorId":1,"actorValid":false,"itemId":1,"itemValid":false,"selfSwitchCh":"A","selfSwitchValid":false,"switch1Id":1,"switch1Valid":false,"switch2Id":1,"switch2Valid":false,"variableId":80,"variableValid":true,"variableValue":2},"directionFix":false,"image":{"tileId":0,"characterName":"","direction":4,"pattern":0,"characterIndex":1},"list":[{"code":0,"indent":0,"parameters":[]}],"moveFrequency":3,"moveRoute":{"list":[{"code":0,"parameters":[]}],"repeat":true,"skippable":false,"wait":false},"moveSpeed":3,"moveType":0,"priorityType":0,"stepAnime":false,"through":false,"trigger":0,"walkAnime":true},{"conditions":{"actorId":1,"actorValid":false,"itemId":1,"itemValid":false,"selfSwitchCh":"A","selfSwitchValid":false,"switch1Id":1,"switch1Valid":false,"switch2Id":1,"switch2Valid":false,"variableId":80,"variableValid":true,"variableValue":3},"directionFix":false,"image":{"tileId":0,"characterName":"!FA_OBJECTS_2","direction":4,"pattern":0,"characterIndex":1},"list":[{"code":108,"indent":0,"parameters":["<Sprite Offset Y: -7>"]},{"code":0,"indent":0,"parameters":[]}],"moveFrequency":3,"moveRoute":{"list":[{"code":0,"parameters":[]}],"repeat":true,"skippable":false,"wait":false},"moveSpeed":3,"moveType":0,"priorityType":1,"stepAnime":false,"through":false,"trigger":0,"walkAnime":true},{"conditions":{"actorId":1,"actorValid":false,"itemId":1,"itemValid":false,"selfSwitchCh":"A","selfSwitchValid":false,"switch1Id":1,"switch1Valid":false,"switch2Id":1,"switch2Valid":false,"variableId":80,"variableValid":true,"variableValue":4},"directionFix":false,"image":{"characterIndex":0,"characterName":"","direction":2,"pattern":0,"tileId":0},"list":[{"code":0,"indent":0,"parameters":[]}],"moveFrequency":3,"moveRoute":{"list":[{"code":0,"parameters":[]}],"repeat":true,"skippable":false,"wait":false},"moveSpeed":3,"moveType":0,"priorityType":0,"stepAnime":false,"through":false,"trigger":0,"walkAnime":true}],"x":11,"y":9},
{"id":4,"name":"EV004","note":"","pages":[{"conditions":{"actorId":1,"actorValid":false,"itemId":1,"itemValid":false,"selfSwitchCh":"A","selfSwitchValid":false,"switch1Id":1,"switch1Valid":false,"switch2Id":1,"switch2Valid":false,"variableId":80,"variableValid":true,"variableValue":1},"directionFix":false,"image":{"tileId":0,"characterName":"DW_PRL_AUBREY","direction":2,"pattern":1,"characterIndex":0},"list":[{"code":0,"indent":0,"parameters":[]}],"moveFrequency":3,"moveRoute":{"list":[{"code":0,"parameters":[]}],"repeat":true,"skippable":false,"wait":false},"moveSpeed":3,"moveType":0,"priorityType":1,"stepAnime":false,"through":false,"trigger":0,"walkAnime":true},{"conditions":{"actorId":1,"actorValid":false,"itemId":1,"itemValid":false,"selfSwitchCh":"A","selfSwitchValid":false,"switch1Id":1,"switch1Valid":false,"switch2Id":2055,"switch2Valid":false,"variableId":80,"variableValid":true,"variableValue":2},"directionFix":false,"image":{"tileId":0,"characterName":"","direction":2,"pattern":0,"characterIndex":1},"list":[{"code":0,"indent":0,"parameters":[]}],"moveFrequency":3,"moveRoute":{"list":[{"code":45,"parameters":["this.setCustomFrameXY(3, 0)"],"indent":null},{"code":15,"parameters":[7],"indent":null},{"code":45,"parameters":["this.setCustomFrameXY(4, 0)"],"indent":null},{"code":15,"parameters":[7],"indent":null},{"code":45,"parameters":["this.setCustomFrameXY(5, 0)"],"indent":null},{"code":15,"parameters":[7],"indent":null},{"code":45,"parameters":["this.setCustomFrameXY(3, 1)"],"indent":null},{"code":15,"parameters":[7],"indent":null},{"code":45,"parameters":["this.setCustomFrameXY(4, 1)"],"indent":null},{"code":15,"parameters":[7],"indent":null},{"code":45,"parameters":["this.setCustomFrameXY(5, 1)"],"indent":null},{"code":15,"parameters":[7],"indent":null},{"code":45,"parameters":["this.setCustomFrameXY(3, 2)"],"indent":null},{"code":15,"parameters":[7],"indent":null},{"code":45,"parameters":["this.setCustomFrameXY(4, 2)"],"indent":null},{"code":15,"parameters":[7],"indent":null},{"code":45,"parameters":["this.setCustomFrameXY(3, 0)"],"indent":null},{"code":15,"parameters":[120],"indent":null},{"code":0,"parameters":[]}],"repeat":true,"skippable":false,"wait":false},"moveSpeed":3,"moveType":3,"priorityType":0,"stepAnime":false,"through":false,"trigger":0,"walkAnime":true},{"conditions":{"actorId":1,"actorValid":false,"itemId":1,"itemValid":false,"selfSwitchCh":"A","selfSwitchValid":false,"switch1Id":1,"switch1Valid":false,"switch2Id":2055,"switch2Valid":true,"variableId":80,"variableValid":true,"variableValue":2},"directionFix":false,"image":{"tileId":0,"characterName":"FA_KEVIN","direction":2,"pattern":0,"characterIndex":1},"list":[{"code":0,"indent":0,"parameters":[]}],"moveFrequency":3,"moveRoute":{"list":[{"code":45,"parameters":["this.setCustomFrameXY(3, 0)"],"indent":null},{"code":15,"parameters":[7],"indent":null},{"code":45,"parameters":["this.setCustomFrameXY(4, 0)"],"indent":null},{"code":15,"parameters":[7],"indent":null},{"code":45,"parameters":["this.setCustomFrameXY(5, 0)"],"indent":null},{"code":15,"parameters":[7],"indent":null},{"code":45,"parameters":["this.setCustomFrameXY(3, 1)"],"indent":null},{"code":15,"parameters":[7],"indent":null},{"code":45,"parameters":["this.setCustomFrameXY(4, 1)"],"indent":null},{"code":15,"parameters":[7],"indent":null},{"code":45,"parameters":["this.setCustomFrameXY(5, 1)"],"indent":null},{"code":15,"parameters":[7],"indent":null},{"code":45,"parameters":["this.setCustomFrameXY(3, 2)"],"indent":null},{"code":15,"parameters":[7],"indent":null},{"code":45,"parameters":["this.setCustomFrameXY(4, 2)"],"indent":null},{"code":15,"parameters":[7],"indent":null},{"code":45,"parameters":["this.setCustomFrameXY(3, 0)"],"indent":null},{"code":15,"parameters":[120],"indent":null},{"code":0,"parameters":[]}],"repeat":true,"skippable":false,"wait":false},"moveSpeed":3,"moveType":3,"priorityType":1,"stepAnime":false,"through":false,"trigger":0,"walkAnime":true},{"conditions":{"actorId":1,"actorValid":false,"itemId":1,"itemValid":false,"selfSwitchCh":"A","selfSwitchValid":false,"switch1Id":1,"switch1Valid":false,"switch2Id":2054,"switch2Valid":false,"variableId":80,"variableValid":true,"variableValue":3},"directionFix":false,"image":{"tileId":0,"characterName":"","direction":2,"pattern":1,"characterIndex":0},"list":[{"code":0,"indent":0,"parameters":[]}],"moveFrequency":3,"moveRoute":{"list":[{"code":17,"indent":null},{"code":15,"parameters":[5],"indent":null},{"code":19,"indent":null},{"code":15,"parameters":[3],"indent":null},{"code":16,"indent":null},{"code":15,"parameters":[7],"indent":null},{"code":18,"indent":null},{"code":15,"parameters":[3],"indent":null},{"code":16,"indent":null},{"code":15,"parameters":[5],"indent":null},{"code":17,"indent":null},{"code":15,"parameters":[7],"indent":null},{"code":19,"indent":null},{"code":15,"parameters":[4],"indent":null},{"code":16,"indent":null},{"code":15,"parameters":[8],"indent":null},{"code":18,"indent":null},{"code":15,"parameters":[6],"indent":null},{"code":17,"indent":null},{"code":0,"parameters":[]}],"repeat":true,"skippable":false,"wait":false},"moveSpeed":3,"moveType":3,"priorityType":0,"stepAnime":false,"through":false,"trigger":0,"walkAnime":true}],"x":8,"y":5},
{"id":5,"name":"EV005","note":"","pages":[{"conditions":{"actorId":1,"actorValid":false,"itemId":1,"itemValid":false,"selfSwitchCh":"A","selfSwitchValid":false,"switch1Id":1,"switch1Valid":false,"switch2Id":1,"switch2Valid":false,"variableId":80,"variableValid":true,"variableValue":1},"directionFix":false,"image":{"tileId":0,"characterName":"FA_GHOSTKEL","direction":2,"pattern":1,"characterIndex":0},"list":[{"code":0,"indent":0,"parameters":[]}],"moveFrequency":3,"moveRoute":{"list":[{"code":0,"parameters":[]}],"repeat":true,"skippable":false,"wait":false},"moveSpeed":3,"moveType":0,"priorityType":1,"stepAnime":false,"through":false,"trigger":0,"walkAnime":true},{"conditions":{"actorId":1,"actorValid":false,"itemId":1,"itemValid":false,"selfSwitchCh":"A","selfSwitchValid":false,"switch1Id":1,"switch1Valid":false,"switch2Id":1,"switch2Valid":false,"variableId":80,"variableValid":true,"variableValue":2},"directionFix":false,"image":{"characterIndex":0,"characterName":"","direction":2,"pattern":0,"tileId":0},"list":[{"code":0,"indent":0,"parameters":[]}],"moveFrequency":3,"moveRoute":{"list":[{"code":0,"parameters":[]}],"repeat":true,"skippable":false,"wait":false},"moveSpeed":3,"moveType":0,"priorityType":0,"stepAnime":false,"through":false,"trigger":0,"walkAnime":true}],"x":9,"y":5},
{"id":6,"name":"EV006","note":"","pages":[{"conditions":{"actorId":1,"actorValid":false,"itemId":1,"itemValid":false,"selfSwitchCh":"A","selfSwitchValid":false,"switch1Id":1,"switch1Valid":false,"switch2Id":1,"switch2Valid":false,"variableId":80,"variableValid":true,"variableValue":1},"directionFix":false,"image":{"tileId":0,"characterName":"FA_HERO_PAJAMAS","direction":2,"pattern":1,"characterIndex":0},"list":[{"code":0,"indent":0,"parameters":[]}],"moveFrequency":3,"moveRoute":{"list":[{"code":0,"parameters":[]}],"repeat":true,"skippable":false,"wait":false},"moveSpeed":3,"moveType":0,"priorityType":1,"stepAnime":false,"through":false,"trigger":0,"walkAnime":true},{"conditions":{"actorId":1,"actorValid":false,"itemId":1,"itemValid":false,"selfSwitchCh":"A","selfSwitchValid":false,"switch1Id":1,"switch1Valid":false,"switch2Id":1,"switch2Valid":false,"variableId":80,"variableValid":true,"variableValue":2},"directionFix":false,"image":{"characterIndex":0,"characterName":"","direction":2,"pattern":0,"tileId":0},"list":[{"code":0,"indent":0,"parameters":[]}],"moveFrequency":3,"moveRoute":{"list":[{"code":0,"parameters":[]}],"repeat":true,"skippable":false,"wait":false},"moveSpeed":3,"moveType":0,"priorityType":0,"stepAnime":false,"through":false,"trigger":0,"walkAnime":true}],"x":7,"y":5},
{"id":7,"name":"EV007","note":"","pages":[{"conditions":{"actorId":1,"actorValid":false,"itemId":1,"itemValid":false,"selfSwitchCh":"A","selfSwitchValid":false,"switch1Id":1,"switch1Valid":false,"switch2Id":1,"switch2Valid":false,"variableId":80,"variableValid":true,"variableValue":2},"directionFix":false,"image":{"tileId":0,"characterName":"FA_PRL_Hero_Dance","direction":2,"pattern":0,"characterIndex":0},"list":[{"code":0,"indent":0,"parameters":[]}],"moveFrequency":3,"moveRoute":{"list":[{"code":15,"parameters":[18],"indent":null},{"code":45,"parameters":["this.setCustomFrameXY(1,0)"],"indent":null},{"code":15,"parameters":[18],"indent":null},{"code":45,"parameters":["this.setCustomFrameXY(2,0)"],"indent":null},{"code":15,"parameters":[18],"indent":null},{"code":45,"parameters":["this.setCustomFrameXY(0,1)"],"indent":null},{"code":15,"parameters":[18],"indent":null},{"code":45,"parameters":["this.setCustomFrameXY(1,1)"],"indent":null},{"code":15,"parameters":[18],"indent":null},{"code":45,"parameters":["this.setCustomFrameXY(2,1)"],"indent":null},{"code":15,"parameters":[18],"indent":null},{"code":45,"parameters":["this.setCustomFrameXY(0,2)"],"indent":null},{"code":15,"parameters":[18],"indent":null},{"code":45,"parameters":["this.setCustomFrameXY(1,2)"],"indent":null},{"code":15,"parameters":[18],"indent":null},{"code":45,"parameters":["this.setCustomFrameXY(2,2)"],"indent":null},{"code":15,"parameters":[18],"indent":null},{"code":45,"parameters":["this.setCustomFrameXY(0,3)"],"indent":null},{"code":15,"parameters":[18],"indent":null},{"code":45,"parameters":["this.setCustomFrameXY(1,3)"],"indent":null},{"code":15,"parameters":[18],"indent":null},{"code":45,"parameters":["this.setCustomFrameXY(2,3)"],"indent":null},{"code":15,"parameters":[18],"indent":null},{"code":45,"parameters":["this.setCustomFrameXY(3,0)"],"indent":null},{"code":15,"parameters":[18],"indent":null},{"code":45,"parameters":["this.setCustomFrameXY(4,0)"],"indent":null},{"code":15,"parameters":[18],"indent":null},{"code":45,"parameters":["this.setCustomFrameXY(4,0)"],"indent":null},{"code":15,"parameters":[18],"indent":null},{"code":45,"parameters":["this.setCustomFrameXY(5,0)"],"indent":null},{"code":15,"parameters":[18],"indent":null},{"code":45,"parameters":["this.setCustomFrameXY(3,1)"],"indent":null},{"code":15,"parameters":[18],"indent":null},{"code":45,"parameters":["this.setCustomFrameXY(4,1)"],"indent":null},{"code":15,"parameters":[18],"indent":null},{"code":45,"parameters":["this.setCustomFrameXY(5,1)"],"indent":null},{"code":15,"parameters":[18],"indent":null},{"code":45,"parameters":["this.setCustomFrameXY(3,2)"],"indent":null},{"code":15,"parameters":[18],"indent":null},{"code":45,"parameters":["this.setCustomFrameXY(4, 2)"],"indent":null},{"code":15,"parameters":[18],"indent":null},{"code":45,"parameters":["this.setCustomFrameXY(5, 2)"],"indent":null},{"code":15,"parameters":[18],"indent":null},{"code":45,"parameters":["this.setCustomFrameXY(3, 3)"],"indent":null},{"code":15,"parameters":[18],"indent":null},{"code":45,"parameters":["this.setCustomFrameXY(4, 3)"],"indent":null},{"code":15,"parameters":[18],"indent":null},{"code":45,"parameters":["this.setCustomFrameXY(5, 3)"],"indent":null},{"code":15,"parameters":[18],"indent":null},{"code":45,"parameters":["this.setCustomFrameXY(0, 4)"],"indent":null},{"code":15,"parameters":[18],"indent":null},{"code":45,"parameters":["this.setCustomFrameXY(1, 4)"],"indent":null},{"code":15,"parameters":[18],"indent":null},{"code":45,"parameters":["this.setCustomFrameXY(2, 4)"],"indent":null},{"code":15,"parameters":[18],"indent":null},{"code":45,"parameters":["this.setCustomFrameXY(0, 5)"],"indent":null},{"code":15,"parameters":[18],"indent":null},{"code":45,"parameters":["this.setCustomFrameXY(1, 5)"],"indent":null},{"code":15,"parameters":[18],"indent":null},{"code":45,"parameters":["this.setCustomFrameXY(2, 5)"],"indent":null},{"code":15,"parameters":[18],"indent":null},{"code":45,"parameters":["this.setCustomFrameXY(0, 6)"],"indent":null},{"code":15,"parameters":[18],"indent":null},{"code":45,"parameters":["this.setCustomFrameXY(1, 6)"],"indent":null},{"code":15,"parameters":[18],"indent":null},{"code":45,"parameters":["this.setCustomFrameXY(2, 6)"],"indent":null},{"code":15,"parameters":[18],"indent":null},{"code":45,"parameters":["this.setCustomFrameXY(0, 7)"],"indent":null},{"code":15,"parameters":[18],"indent":null},{"code":45,"parameters":["this.setCustomFrameXY(1, 7)"],"indent":null},{"code":15,"parameters":[18],"indent":null},{"code":45,"parameters":["this.setCustomFrameXY(2, 7)"],"indent":null},{"code":15,"parameters":[18],"indent":null},{"code":45,"parameters":["this.setCustomFrameXY(0, 0)"],"indent":null},{"code":0,"parameters":[]}],"repeat":true,"skippable":false,"wait":false},"moveSpeed":3,"moveType":3,"priorityType":1,"stepAnime":false,"through":false,"trigger":0,"walkAnime":true},{"conditions":{"actorId":1,"actorValid":false,"itemId":1,"itemValid":false,"selfSwitchCh":"A","selfSwitchValid":false,"switch1Id":1,"switch1Valid":false,"switch2Id":2054,"switch2Valid":false,"variableId":80,"variableValid":true,"variableValue":3},"directionFix":false,"image":{"tileId":0,"characterName":"","direction":2,"pattern":1,"characterIndex":0},"list":[{"code":0,"indent":0,"parameters":[]}],"moveFrequency":3,"moveRoute":{"list":[{"code":17,"indent":null},{"code":15,"parameters":[5],"indent":null},{"code":19,"indent":null},{"code":15,"parameters":[3],"indent":null},{"code":16,"indent":null},{"code":15,"parameters":[7],"indent":null},{"code":18,"indent":null},{"code":15,"parameters":[3],"indent":null},{"code":16,"indent":null},{"code":15,"parameters":[5],"indent":null},{"code":17,"indent":null},{"code":15,"parameters":[7],"indent":null},{"code":19,"indent":null},{"code":15,"parameters":[4],"indent":null},{"code":16,"indent":null},{"code":15,"parameters":[8],"indent":null},{"code":18,"indent":null},{"code":15,"parameters":[6],"indent":null},{"code":17,"indent":null},{"code":0,"parameters":[]}],"repeat":true,"skippable":false,"wait":false},"moveSpeed":3,"moveType":0,"priorityType":0,"stepAnime":false,"through":false,"trigger":0,"walkAnime":true}],"x":8,"y":2},
{"id":8,"name":"EV008","note":"","pages":[{"conditions":{"actorId":1,"actorValid":false,"itemId":1,"itemValid":false,"selfSwitchCh":"A","selfSwitchValid":false,"switch1Id":1,"switch1Valid":false,"switch2Id":2026,"switch2Valid":true,"variableId":80,"variableValid":true,"variableValue":2},"directionFix":false,"image":{"tileId":0,"characterName":"FA_artist_painting","direction":8,"pattern":1,"characterIndex":0},"list":[{"code":0,"indent":0,"parameters":[]}],"moveFrequency":3,"moveRoute":{"list":[{"code":45,"parameters":["this.setCustomFrameXY(0, 4)"],"indent":null},{"code":15,"parameters":[7],"indent":null},{"code":45,"parameters":["this.setCustomFrameXY(1, 4)"],"indent":null},{"code":15,"parameters":[7],"indent":null},{"code":45,"parameters":["this.setCustomFrameXY(2, 4)"],"indent":null},{"code":15,"parameters":[7],"indent":null},{"code":45,"parameters":["this.setCustomFrameXY(0, 5)"],"indent":null},{"code":15,"parameters":[7],"indent":null},{"code":45,"parameters":["this.setCustomFrameXY(1, 5)"],"indent":null},{"code":15,"parameters":[7],"indent":null},{"code":45,"parameters":["this.setCustomFrameXY(2, 5)"],"indent":null},{"code":15,"parameters":[7],"indent":null},{"code":45,"parameters":["this.setCustomFrameXY(0, 6)"],"indent":null},{"code":15,"parameters":[7],"indent":null},{"code":45,"parameters":["this.setCustomFrameXY(1, 6)"],"indent":null},{"code":15,"parameters":[7],"indent":null},{"code":0,"parameters":[]}],"repeat":true,"skippable":false,"wait":false},"moveSpeed":3,"moveType":3,"priorityType":1,"stepAnime":false,"through":false,"trigger":0,"walkAnime":true},{"conditions":{"actorId":1,"actorValid":false,"itemId":1,"itemValid":false,"selfSwitchCh":"A","selfSwitchValid":false,"switch1Id":1,"switch1Valid":false,"switch2Id":2054,"switch2Valid":false,"variableId":80,"variableValid":true,"variableValue":3},"directionFix":false,"image":{"tileId":0,"characterName":"","direction":2,"pattern":1,"characterIndex":0},"list":[{"code":0,"indent":0,"parameters":[]}],"moveFrequency":3,"moveRoute":{"list":[{"code":17,"indent":null},{"code":15,"parameters":[5],"indent":null},{"code":19,"indent":null},{"code":15,"parameters":[3],"indent":null},{"code":16,"indent":null},{"code":15,"parameters":[7],"indent":null},{"code":18,"indent":null},{"code":15,"parameters":[3],"indent":null},{"code":16,"indent":null},{"code":15,"parameters":[5],"indent":null},{"code":17,"indent":null},{"code":15,"parameters":[7],"indent":null},{"code":19,"indent":null},{"code":15,"parameters":[4],"indent":null},{"code":16,"indent":null},{"code":15,"parameters":[8],"indent":null},{"code":18,"indent":null},{"code":15,"parameters":[6],"indent":null},{"code":17,"indent":null},{"code":0,"parameters":[]}],"repeat":true,"skippable":false,"wait":false},"moveSpeed":3,"moveType":0,"priorityType":0,"stepAnime":false,"through":false,"trigger":0,"walkAnime":true},{"conditions":{"actorId":1,"actorValid":false,"itemId":1,"itemValid":false,"selfSwitchCh":"A","selfSwitchValid":false,"switch1Id":1,"switch1Valid":false,"switch2Id":1,"switch2Valid":false,"variableId":80,"variableValid":true,"variableValue":7},"directionFix":false,"image":{"tileId":0,"characterName":"DW_PRL_KIM","direction":2,"pattern":1,"characterIndex":0},"list":[{"code":0,"indent":0,"parameters":[]}],"moveFrequency":3,"moveRoute":{"list":[{"code":45,"parameters":["this.setCustomFrameXY(null, null)"],"indent":null},{"code":0,"parameters":[]}],"repeat":true,"skippable":false,"wait":false},"moveSpeed":3,"moveType":3,"priorityType":1,"stepAnime":false,"through":false,"trigger":0,"walkAnime":true}],"x":6,"y":12},
{"id":9,"name":"EV009","note":"","pages":[{"conditions":{"actorId":1,"actorValid":false,"itemId":1,"itemValid":false,"selfSwitchCh":"A","selfSwitchValid":false,"switch1Id":1,"switch1Valid":false,"switch2Id":2066,"switch2Valid":true,"variableId":80,"variableValid":true,"variableValue":2},"directionFix":false,"image":{"tileId":0,"characterName":"FA_KIM","direction":2,"pattern":0,"characterIndex":1},"list":[{"code":0,"indent":0,"parameters":[]}],"moveFrequency":3,"moveRoute":{"list":[{"code":45,"parameters":["this.setCustomFrameXY(3, 0)"],"indent":null},{"code":15,"parameters":[7],"indent":null},{"code":45,"parameters":["this.setCustomFrameXY(4, 0)"],"indent":null},{"code":15,"parameters":[7],"indent":null},{"code":45,"parameters":["this.setCustomFrameXY(5, 0)"],"indent":null},{"code":15,"parameters":[7],"indent":null},{"code":45,"parameters":["this.setCustomFrameXY(3, 1)"],"indent":null},{"code":15,"parameters":[7],"indent":null},{"code":45,"parameters":["this.setCustomFrameXY(4, 1)"],"indent":null},{"code":15,"parameters":[7],"indent":null},{"code":45,"parameters":["this.setCustomFrameXY(5, 1)"],"indent":null},{"code":15,"parameters":[7],"indent":null},{"code":45,"parameters":["this.setCustomFrameXY(3, 2)"],"indent":null},{"code":15,"parameters":[7],"indent":null},{"code":45,"parameters":["this.setCustomFrameXY(4, 2)"],"indent":null},{"code":15,"parameters":[7],"indent":null},{"code":45,"parameters":["this.setCustomFrameXY(5, 2)"],"indent":null},{"code":15,"parameters":[120],"indent":null},{"code":0,"parameters":[]}],"repeat":true,"skippable":false,"wait":false},"moveSpeed":3,"moveType":3,"priorityType":1,"stepAnime":false,"through":false,"trigger":0,"walkAnime":true},{"conditions":{"actorId":1,"actorValid":false,"itemId":1,"itemValid":false,"selfSwitchCh":"A","selfSwitchValid":false,"switch1Id":1,"switch1Valid":false,"switch2Id":2054,"switch2Valid":false,"variableId":80,"variableValid":true,"variableValue":3},"directionFix":false,"image":{"tileId":0,"characterName":"","direction":2,"pattern":1,"characterIndex":0},"list":[{"code":0,"indent":0,"parameters":[]}],"moveFrequency":3,"moveRoute":{"list":[{"code":17,"indent":null},{"code":15,"parameters":[5],"indent":null},{"code":19,"indent":null},{"code":15,"parameters":[3],"indent":null},{"code":16,"indent":null},{"code":15,"parameters":[7],"indent":null},{"code":18,"indent":null},{"code":15,"parameters":[3],"indent":null},{"code":16,"indent":null},{"code":15,"parameters":[5],"indent":null},{"code":17,"indent":null},{"code":15,"parameters":[7],"indent":null},{"code":19,"indent":null},{"code":15,"parameters":[4],"indent":null},{"code":16,"indent":null},{"code":15,"parameters":[8],"indent":null},{"code":18,"indent":null},{"code":15,"parameters":[6],"indent":null},{"code":17,"indent":null},{"code":0,"parameters":[]}],"repeat":true,"skippable":false,"wait":false},"moveSpeed":3,"moveType":0,"priorityType":0,"stepAnime":false,"through":false,"trigger":0,"walkAnime":true}],"x":1,"y":7},
{"id":10,"name":"EV010","note":"","pages":[{"conditions":{"actorId":1,"actorValid":false,"itemId":1,"itemValid":false,"selfSwitchCh":"A","selfSwitchValid":false,"switch1Id":2073,"switch1Valid":true,"switch2Id":1,"switch2Valid":false,"variableId":80,"variableValid":true,"variableValue":2},"directionFix":false,"image":{"tileId":0,"characterName":"FA_candice","direction":2,"pattern":1,"characterIndex":0},"list":[{"code":0,"indent":0,"parameters":[]}],"moveFrequency":3,"moveRoute":{"list":[{"code":45,"parameters":["this.setCustomFrameXY(3, 4)"],"indent":null},{"code":15,"parameters":[7],"indent":null},{"code":45,"parameters":["this.setCustomFrameXY(4, 4)"],"indent":null},{"code":15,"parameters":[7],"indent":null},{"code":45,"parameters":["this.setCustomFrameXY(5, 4)"],"indent":null},{"code":15,"parameters":[7],"indent":null},{"code":45,"parameters":["this.setCustomFrameXY(3, 5)"],"indent":null},{"code":15,"parameters":[7],"indent":null},{"code":45,"parameters":["this.setCustomFrameXY(4, 5)"],"indent":null},{"code":15,"parameters":[7],"indent":null},{"code":45,"parameters":["this.setCustomFrameXY(5, 5)"],"indent":null},{"code":15,"parameters":[7],"indent":null},{"code":45,"parameters":["this.setCustomFrameXY(3, 6)"],"indent":null},{"code":15,"parameters":[7],"indent":null},{"code":45,"parameters":["this.setCustomFrameXY(4, 6)"],"indent":null},{"code":15,"parameters":[7],"indent":null},{"code":45,"parameters":["this.setCustomFrameXY(null, null)"],"indent":null},{"code":15,"parameters":[120],"indent":null},{"code":0,"parameters":[]}],"repeat":true,"skippable":false,"wait":false},"moveSpeed":3,"moveType":3,"priorityType":1,"stepAnime":false,"through":false,"trigger":0,"walkAnime":true},{"conditions":{"actorId":1,"actorValid":false,"itemId":1,"itemValid":false,"selfSwitchCh":"A","selfSwitchValid":false,"switch1Id":1,"switch1Valid":false,"switch2Id":2054,"switch2Valid":false,"variableId":80,"variableValid":true,"variableValue":3},"directionFix":false,"image":{"tileId":0,"characterName":"","direction":2,"pattern":1,"characterIndex":0},"list":[{"code":0,"indent":0,"parameters":[]}],"moveFrequency":3,"moveRoute":{"list":[{"code":17,"indent":null},{"code":15,"parameters":[5],"indent":null},{"code":19,"indent":null},{"code":15,"parameters":[3],"indent":null},{"code":16,"indent":null},{"code":15,"parameters":[7],"indent":null},{"code":18,"indent":null},{"code":15,"parameters":[3],"indent":null},{"code":16,"indent":null},{"code":15,"parameters":[5],"indent":null},{"code":17,"indent":null},{"code":15,"parameters":[7],"indent":null},{"code":19,"indent":null},{"code":15,"parameters":[4],"indent":null},{"code":16,"indent":null},{"code":15,"parameters":[8],"indent":null},{"code":18,"indent":null},{"code":15,"parameters":[6],"indent":null},{"code":17,"indent":null},{"code":0,"parameters":[]}],"repeat":true,"skippable":false,"wait":false},"moveSpeed":3,"moveType":0,"priorityType":0,"stepAnime":false,"through":false,"trigger":0,"walkAnime":true}],"x":15,"y":5},
{"id":11,"name":"EV011","note":"","pages":[{"conditions":{"actorId":1,"actorValid":false,"itemId":1,"itemValid":false,"selfSwitchCh":"A","selfSwitchValid":false,"switch1Id":1,"switch1Valid":false,"switch2Id":2054,"switch2Valid":true,"variableId":80,"variableValid":true,"variableValue":2},"directionFix":false,"image":{"tileId":0,"characterName":"$prl_fa_shadyguy","direction":2,"pattern":1,"characterIndex":0},"list":[{"code":0,"indent":0,"parameters":[]}],"moveFrequency":3,"moveRoute":{"list":[{"code":17,"indent":null},{"code":15,"parameters":[5],"indent":null},{"code":19,"indent":null},{"code":15,"parameters":[3],"indent":null},{"code":16,"indent":null},{"code":15,"parameters":[7],"indent":null},{"code":18,"indent":null},{"code":15,"parameters":[3],"indent":null},{"code":16,"indent":null},{"code":15,"parameters":[5],"indent":null},{"code":17,"indent":null},{"code":15,"parameters":[7],"indent":null},{"code":19,"indent":null},{"code":15,"parameters":[4],"indent":null},{"code":16,"indent":null},{"code":15,"parameters":[8],"indent":null},{"code":18,"indent":null},{"code":15,"parameters":[6],"indent":null},{"code":17,"indent":null},{"code":0,"parameters":[]}],"repeat":true,"skippable":false,"wait":false},"moveSpeed":3,"moveType":3,"priorityType":1,"stepAnime":false,"through":false,"trigger":0,"walkAnime":true},{"conditions":{"actorId":1,"actorValid":false,"itemId":1,"itemValid":false,"selfSwitchCh":"A","selfSwitchValid":false,"switch1Id":1,"switch1Valid":false,"switch2Id":2054,"switch2Valid":false,"variableId":80,"variableValid":true,"variableValue":3},"directionFix":false,"image":{"tileId":0,"characterName":"","direction":2,"pattern":1,"characterIndex":0},"list":[{"code":0,"indent":0,"parameters":[]}],"moveFrequency":3,"moveRoute":{"list":[{"code":17,"indent":null},{"code":15,"parameters":[5],"indent":null},{"code":19,"indent":null},{"code":15,"parameters":[3],"indent":null},{"code":16,"indent":null},{"code":15,"parameters":[7],"indent":null},{"code":18,"indent":null},{"code":15,"parameters":[3],"indent":null},{"code":16,"indent":null},{"code":15,"parameters":[5],"indent":null},{"code":17,"indent":null},{"code":15,"parameters":[7],"indent":null},{"code":19,"indent":null},{"code":15,"parameters":[4],"indent":null},{"code":16,"indent":null},{"code":15,"parameters":[8],"indent":null},{"code":18,"indent":null},{"code":15,"parameters":[6],"indent":null},{"code":17,"indent":null},{"code":0,"parameters":[]}],"repeat":true,"skippable":false,"wait":false},"moveSpeed":3,"moveType":3,"priorityType":0,"stepAnime":false,"through":false,"trigger":0,"walkAnime":true}],"x":1,"y":1},
{"id":12,"name":"EV012","note":"","pages":[{"conditions":{"actorId":1,"actorValid":false,"itemId":1,"itemValid":false,"selfSwitchCh":"A","selfSwitchValid":false,"switch1Id":1,"switch1Valid":false,"switch2Id":2053,"switch2Valid":true,"variableId":80,"variableValid":true,"variableValue":2},"directionFix":false,"image":{"tileId":0,"characterName":"FA_rai","direction":2,"pattern":1,"characterIndex":0},"list":[{"code":0,"indent":0,"parameters":[]}],"moveFrequency":3,"moveRoute":{"list":[{"code":45,"parameters":["this.setCustomFrameXY(3, 0);"],"indent":null},{"code":15,"parameters":[6],"indent":null},{"code":45,"parameters":["this.setCustomFrameXY(4, 0);"],"indent":null},{"code":15,"parameters":[6],"indent":null},{"code":45,"parameters":["this.setCustomFrameXY(5, 0);"],"indent":null},{"code":15,"parameters":[6],"indent":null},{"code":45,"parameters":["this.setCustomFrameXY(3, 1);"],"indent":null},{"code":15,"parameters":[10],"indent":null},{"code":45,"parameters":["this.setCustomFrameXY(4, 1);"],"indent":null},{"code":15,"parameters":[6],"indent":null},{"code":45,"parameters":["this.setCustomFrameXY(5, 1);"],"indent":null},{"code":15,"parameters":[6],"indent":null},{"code":45,"parameters":["this.setCustomFrameXY(3, 2);"],"indent":null},{"code":15,"parameters":[6],"indent":null},{"code":45,"parameters":["this.setCustomFrameXY(4, 2);"],"indent":null},{"code":15,"parameters":[30],"indent":null},{"code":45,"parameters":["this.setCustomFrameXY(5, 2);"],"indent":null},{"code":15,"parameters":[6],"indent":null},{"code":45,"parameters":["this.setCustomFrameXY(3, 3);"],"indent":null},{"code":15,"parameters":[6],"indent":null},{"code":45,"parameters":["this.setCustomFrameXY(4, 3);"],"indent":null},{"code":15,"parameters":[30],"indent":null},{"code":45,"parameters":["this.setCustomFrameXY(5, 3);"],"indent":null},{"code":15,"parameters":[6],"indent":null},{"code":45,"parameters":["this.setCustomFrameXY(null, null);"],"indent":null},{"code":15,"parameters":[120],"indent":null},{"code":0,"parameters":[]}],"repeat":true,"skippable":false,"wait":false},"moveSpeed":3,"moveType":3,"priorityType":1,"stepAnime":false,"through":false,"trigger":0,"walkAnime":true},{"conditions":{"actorId":1,"actorValid":false,"itemId":1,"itemValid":false,"selfSwitchCh":"A","selfSwitchValid":false,"switch1Id":1,"switch1Valid":false,"switch2Id":2054,"switch2Valid":false,"variableId":80,"variableValid":true,"variableValue":3},"directionFix":false,"image":{"tileId":0,"characterName":"","direction":2,"pattern":1,"characterIndex":0},"list":[{"code":0,"indent":0,"parameters":[]}],"moveFrequency":3,"moveRoute":{"list":[{"code":17,"indent":null},{"code":15,"parameters":[5],"indent":null},{"code":19,"indent":null},{"code":15,"parameters":[3],"indent":null},{"code":16,"indent":null},{"code":15,"parameters":[7],"indent":null},{"code":18,"indent":null},{"code":15,"parameters":[3],"indent":null},{"code":16,"indent":null},{"code":15,"parameters":[5],"indent":null},{"code":17,"indent":null},{"code":15,"parameters":[7],"indent":null},{"code":19,"indent":null},{"code":15,"parameters":[4],"indent":null},{"code":16,"indent":null},{"code":15,"parameters":[8],"indent":null},{"code":18,"indent":null},{"code":15,"parameters":[6],"indent":null},{"code":17,"indent":null},{"code":0,"parameters":[]}],"repeat":true,"skippable":false,"wait":false},"moveSpeed":3,"moveType":0,"priorityType":0,"stepAnime":false,"through":false,"trigger":0,"walkAnime":true}],"x":12,"y":1},
{"id":13,"name":"EV013","note":"","pages":[{"conditions":{"actorId":1,"actorValid":false,"itemId":1,"itemValid":false,"selfSwitchCh":"A","selfSwitchValid":false,"switch1Id":2075,"switch1Valid":true,"switch2Id":1,"switch2Valid":false,"variableId":80,"variableValid":true,"variableValue":2},"directionFix":false,"image":{"tileId":0,"characterName":"FA_fruitseller_brayen","direction":2,"pattern":0,"characterIndex":1},"list":[{"code":0,"indent":0,"parameters":[]}],"moveFrequency":3,"moveRoute":{"list":[{"code":45,"parameters":["this.setCustomFrameXY(3, 0)"],"indent":null},{"code":15,"parameters":[7],"indent":null},{"code":45,"parameters":["this.setCustomFrameXY(4, 0)"],"indent":null},{"code":15,"parameters":[7],"indent":null},{"code":45,"parameters":["this.setCustomFrameXY(5, 0)"],"indent":null},{"code":15,"parameters":[7],"indent":null},{"code":45,"parameters":["this.setCustomFrameXY(3, 1)"],"indent":null},{"code":15,"parameters":[7],"indent":null},{"code":15,"parameters":[28],"indent":null},{"code":0,"parameters":[]}],"repeat":true,"skippable":false,"wait":false},"moveSpeed":3,"moveType":3,"priorityType":1,"stepAnime":false,"through":false,"trigger":0,"walkAnime":true},{"conditions":{"actorId":1,"actorValid":false,"itemId":1,"itemValid":false,"selfSwitchCh":"A","selfSwitchValid":false,"switch1Id":1,"switch1Valid":false,"switch2Id":2054,"switch2Valid":false,"variableId":80,"variableValid":true,"variableValue":3},"directionFix":false,"image":{"tileId":0,"characterName":"","direction":2,"pattern":0,"characterIndex":1},"list":[{"code":0,"indent":0,"parameters":[]}],"moveFrequency":3,"moveRoute":{"list":[{"code":45,"parameters":["this.setCustomFrameXY(3, 0)"],"indent":null},{"code":15,"parameters":[120],"indent":null},{"code":45,"parameters":["this.requestBalloon(1);"],"indent":null},{"code":45,"parameters":["this.setCustomFrameXY(5, 1)"],"indent":null},{"code":15,"parameters":[140],"indent":null},{"code":45,"parameters":["this.setCustomFrameXY(4, 0)"],"indent":null},{"code":15,"parameters":[170],"indent":null},{"code":45,"parameters":["this.requestBalloon(4);"],"indent":null},{"code":45,"parameters":["this.setCustomFrameXY(5, 0)"],"indent":null},{"code":15,"parameters":[80],"indent":null},{"code":45,"parameters":["this.setCustomFrameXY(3, 1)"],"indent":null},{"code":15,"parameters":[30],"indent":null},{"code":45,"parameters":["this.setCustomFrameXY(5, 0)"],"indent":null},{"code":15,"parameters":[180],"indent":null},{"code":45,"parameters":["this.setCustomFrameXY(4, 0)"],"indent":null},{"code":15,"parameters":[160],"indent":null},{"code":0,"parameters":[]}],"repeat":true,"skippable":false,"wait":false},"moveSpeed":3,"moveType":0,"priorityType":0,"stepAnime":false,"through":false,"trigger":0,"walkAnime":true}],"x":13,"y":10},
{"id":14,"name":"EV014","note":"","pages":[{"conditions":{"actorId":1,"actorValid":false,"itemId":1,"itemValid":false,"selfSwitchCh":"A","selfSwitchValid":false,"switch1Id":2075,"switch1Valid":true,"switch2Id":1,"switch2Valid":false,"variableId":80,"variableValid":true,"variableValue":2},"directionFix":false,"image":{"tileId":0,"characterName":"FA_fruitseller_mango","direction":2,"pattern":0,"characterIndex":1},"list":[{"code":0,"indent":0,"parameters":[]}],"moveFrequency":3,"moveRoute":{"list":[{"code":15,"parameters":[28],"indent":null},{"code":45,"parameters":["this.setCustomFrameXY(3, 0)"],"indent":null},{"code":15,"parameters":[7],"indent":null},{"code":45,"parameters":["this.setCustomFrameXY(4, 0)"],"indent":null},{"code":15,"parameters":[7],"indent":null},{"code":45,"parameters":["this.setCustomFrameXY(5, 0)"],"indent":null},{"code":15,"parameters":[7],"indent":null},{"code":45,"parameters":["this.setCustomFrameXY(3, 1)"],"indent":null},{"code":15,"parameters":[7],"indent":null},{"code":0,"parameters":[]}],"repeat":true,"skippable":false,"wait":false},"moveSpeed":3,"moveType":3,"priorityType":1,"stepAnime":false,"through":false,"trigger":0,"walkAnime":true},{"conditions":{"actorId":1,"actorValid":false,"itemId":1,"itemValid":false,"selfSwitchCh":"A","selfSwitchValid":false,"switch1Id":1,"switch1Valid":false,"switch2Id":2054,"switch2Valid":false,"variableId":80,"variableValid":true,"variableValue":3},"directionFix":false,"image":{"tileId":0,"characterName":"","direction":2,"pattern":1,"characterIndex":0},"list":[{"code":0,"indent":0,"parameters":[]}],"moveFrequency":3,"moveRoute":{"list":[{"code":45,"parameters":["this.setCustomFrameXY(null, null)"],"indent":null},{"code":0,"parameters":[]}],"repeat":true,"skippable":false,"wait":false},"moveSpeed":3,"moveType":3,"priorityType":0,"stepAnime":false,"through":false,"trigger":0,"walkAnime":true},{"conditions":{"actorId":1,"actorValid":false,"itemId":1,"itemValid":false,"selfSwitchCh":"A","selfSwitchValid":false,"switch1Id":1,"switch1Valid":false,"switch2Id":1,"switch2Valid":false,"variableId":80,"variableValid":true,"variableValue":7},"directionFix":false,"image":{"tileId":0,"characterName":"$prl_newdesigns","direction":4,"pattern":1,"characterIndex":0},"list":[{"code":0,"indent":0,"parameters":[]}],"moveFrequency":3,"moveRoute":{"list":[{"code":0,"parameters":[]}],"repeat":false,"skippable":false,"wait":false},"moveSpeed":3,"moveType":0,"priorityType":1,"stepAnime":false,"through":false,"trigger":0,"walkAnime":true}],"x":14,"y":10},
{"id":15,"name":"EV015","note":"","pages":[{"conditions":{"actorId":1,"actorValid":false,"itemId":1,"itemValid":false,"selfSwitchCh":"A","selfSwitchValid":false,"switch1Id":1,"switch1Valid":false,"switch2Id":1,"switch2Valid":false,"variableId":80,"variableValid":true,"variableValue":3},"directionFix":false,"image":{"tileId":0,"characterName":"[SF]Picnic","direction":2,"pattern":0,"characterIndex":0},"list":[{"code":0,"indent":0,"parameters":[]}],"moveFrequency":3,"moveRoute":{"list":[{"code":0,"parameters":[]}],"repeat":true,"skippable":false,"wait":false},"moveSpeed":3,"moveType":0,"priorityType":0,"stepAnime":false,"through":false,"trigger":0,"walkAnime":true},{"conditions":{"actorId":1,"actorValid":false,"itemId":1,"itemValid":false,"selfSwitchCh":"A","selfSwitchValid":false,"switch1Id":1,"switch1Valid":false,"switch2Id":1,"switch2Valid":false,"variableId":80,"variableValid":true,"variableValue":4},"directionFix":false,"image":{"characterIndex":0,"characterName":"","direction":2,"pattern":0,"tileId":0},"list":[{"code":0,"indent":0,"parameters":[]}],"moveFrequency":3,"moveRoute":{"list":[{"code":0,"parameters":[]}],"repeat":true,"skippable":false,"wait":false},"moveSpeed":3,"moveType":0,"priorityType":0,"stepAnime":false,"through":false,"trigger":0,"walkAnime":true}],"x":12,"y":11},
{"id":16,"name":"EV016","note":"","pages":[{"conditions":{"actorId":1,"actorValid":false,"itemId":1,"itemValid":false,"selfSwitchCh":"A","selfSwitchValid":false,"switch1Id":1,"switch1Valid":false,"switch2Id":1,"switch2Valid":false,"variableId":80,"variableValid":true,"variableValue":3},"directionFix":false,"image":{"tileId":0,"characterName":"FA_GHOSTKEL","direction":2,"pattern":1,"characterIndex":2},"list":[{"code":108,"indent":0,"parameters":["<Sprite Offset Y: +5>"]},{"code":0,"indent":0,"parameters":[]}],"moveFrequency":3,"moveRoute":{"list":[{"code":45,"parameters":["this.setCustomFrameXY(7, 0)"],"indent":null},{"code":15,"parameters":[15],"indent":null},{"code":45,"parameters":["this.setCustomFrameXY(6, 0)"],"indent":null},{"code":15,"parameters":[15],"indent":null},{"code":45,"parameters":["this.setCustomFrameXY(7, 0)"],"indent":null},{"code":15,"parameters":[15],"indent":null},{"code":45,"parameters":["this.setCustomFrameXY(8, 0)"],"indent":null},{"code":15,"parameters":[15],"indent":null},{"code":45,"parameters":["this.setCustomFrameXY(7, 0)"],"indent":null},{"code":15,"parameters":[15],"indent":null},{"code":45,"parameters":["this.setCustomFrameXY(6, 0)"],"indent":null},{"code":15,"parameters":[15],"indent":null},{"code":45,"parameters":["this.setCustomFrameXY(7, 0)"],"indent":null},{"code":15,"parameters":[15],"indent":null},{"code":45,"parameters":["this.setCustomFrameXY(8, 0)"],"indent":null},{"code":15,"parameters":[15],"indent":null},{"code":45,"parameters":["this.setCustomFrameXY(7, 0)"],"indent":null},{"code":15,"parameters":[15],"indent":null},{"code":45,"parameters":["this.setCustomFrameXY(6, 0)"],"indent":null},{"code":15,"parameters":[15],"indent":null},{"code":45,"parameters":["this.setCustomFrameXY(7, 0)"],"indent":null},{"code":15,"parameters":[15],"indent":null},{"code":45,"parameters":["this.setCustomFrameXY(8, 0)"],"indent":null},{"code":15,"parameters":[15],"indent":null},{"code":45,"parameters":["this.setCustomFrameXY(7, 0)"],"indent":null},{"code":45,"parameters":["this.requestBalloon(1);"],"indent":null},{"code":15,"parameters":[30],"indent":null},{"code":45,"parameters":["this.setCustomFrameXY(8, 2)"],"indent":null},{"code":15,"parameters":[90],"indent":null},{"code":45,"parameters":["this.setCustomFrameXY(7, 2)"],"indent":null},{"code":15,"parameters":[160],"indent":null},{"code":45,"parameters":["this.setCustomFrameXY(8, 2)"],"indent":null},{"code":15,"parameters":[90],"indent":null},{"code":45,"parameters":["this.setCustomFrameXY(7, 0)"],"indent":null},{"code":15,"parameters":[180],"indent":null},{"code":45,"parameters":["this.setCustomFrameXY(8, 2)"],"indent":null},{"code":15,"parameters":[100],"indent":null},{"code":45,"parameters":["this.requestBalloon(8);"],"indent":null},{"code":45,"parameters":["this.setCustomFrameXY(7, 0)"],"indent":null},{"code":0,"parameters":[]}],"repeat":true,"skippable":false,"wait":false},"moveSpeed":3,"moveType":3,"priorityType":1,"stepAnime":false,"through":false,"trigger":0,"walkAnime":true},{"conditions":{"actorId":1,"actorValid":false,"itemId":1,"itemValid":false,"selfSwitchCh":"A","selfSwitchValid":false,"switch1Id":1,"switch1Valid":false,"switch2Id":1,"switch2Valid":false,"variableId":80,"variableValid":true,"variableValue":4},"directionFix":false,"image":{"characterIndex":0,"characterName":"","direction":2,"pattern":0,"tileId":0},"list":[{"code":0,"indent":0,"parameters":[]}],"moveFrequency":3,"moveRoute":{"list":[{"code":0,"parameters":[]}],"repeat":true,"skippable":false,"wait":false},"moveSpeed":3,"moveType":0,"priorityType":0,"stepAnime":false,"through":false,"trigger":0,"walkAnime":true}],"x":12,"y":9},
{"id":17,"name":"EV017","note":"","pages":[{"conditions":{"actorId":1,"actorValid":false,"itemId":1,"itemValid":false,"selfSwitchCh":"A","selfSwitchValid":false,"switch1Id":1,"switch1Valid":false,"switch2Id":2054,"switch2Valid":false,"variableId":80,"variableValid":true,"variableValue":3},"directionFix":false,"image":{"tileId":0,"characterName":"PRL_SPIRIT_MARI","direction":2,"pattern":0,"characterIndex":1},"list":[{"code":108,"indent":0,"parameters":["<Sprite Offset Y: +5>"]},{"code":0,"indent":0,"parameters":[]}],"moveFrequency":3,"moveRoute":{"list":[{"code":45,"parameters":["this.setCustomFrameXY(3, 0)"],"indent":null},{"code":15,"parameters":[120],"indent":null},{"code":45,"parameters":["this.requestBalloon(1);"],"indent":null},{"code":45,"parameters":["this.setCustomFrameXY(5, 1)"],"indent":null},{"code":15,"parameters":[140],"indent":null},{"code":45,"parameters":["this.setCustomFrameXY(4, 0)"],"indent":null},{"code":15,"parameters":[170],"indent":null},{"code":45,"parameters":["this.requestBalloon(4);"],"indent":null},{"code":45,"parameters":["this.setCustomFrameXY(5, 0)"],"indent":null},{"code":15,"parameters":[80],"indent":null},{"code":45,"parameters":["this.setCustomFrameXY(3, 1)"],"indent":null},{"code":15,"parameters":[30],"indent":null},{"code":45,"parameters":["this.setCustomFrameXY(5, 0)"],"indent":null},{"code":15,"parameters":[180],"indent":null},{"code":45,"parameters":["this.setCustomFrameXY(4, 0)"],"indent":null},{"code":15,"parameters":[160],"indent":null},{"code":0,"parameters":[]}],"repeat":true,"skippable":false,"wait":false},"moveSpeed":3,"moveType":3,"priorityType":1,"stepAnime":false,"through":false,"trigger":0,"walkAnime":true},{"conditions":{"actorId":1,"actorValid":false,"itemId":1,"itemValid":false,"selfSwitchCh":"A","selfSwitchValid":false,"switch1Id":1,"switch1Valid":false,"switch2Id":1,"switch2Valid":false,"variableId":80,"variableValid":true,"variableValue":4},"directionFix":false,"image":{"characterIndex":0,"characterName":"","direction":2,"pattern":0,"tileId":0},"list":[{"code":0,"indent":0,"parameters":[]}],"moveFrequency":3,"moveRoute":{"list":[{"code":0,"parameters":[]}],"repeat":true,"skippable":false,"wait":false},"moveSpeed":3,"moveType":0,"priorityType":0,"stepAnime":false,"through":false,"trigger":0,"walkAnime":true}],"x":13,"y":9},
{"id":18,"name":"EV018","note":"","pages":[{"conditions":{"actorId":1,"actorValid":false,"itemId":1,"itemValid":false,"selfSwitchCh":"A","selfSwitchValid":false,"switch1Id":1,"switch1Valid":false,"switch2Id":1,"switch2Valid":false,"variableId":80,"variableValid":true,"variableValue":3},"directionFix":false,"image":{"tileId":0,"characterName":"!prl_sunset_pinwheels","direction":2,"pattern":1,"characterIndex":0},"list":[{"code":0,"indent":0,"parameters":[]}],"moveFrequency":3,"moveRoute":{"list":[{"code":17,"indent":null},{"code":15,"parameters":[7],"indent":null},{"code":18,"indent":null},{"code":15,"parameters":[7],"indent":null},{"code":16,"indent":null},{"code":15,"parameters":[7],"indent":null},{"code":0,"parameters":[]}],"repeat":true,"skippable":false,"wait":false},"moveSpeed":3,"moveType":3,"priorityType":1,"stepAnime":false,"through":false,"trigger":0,"walkAnime":true},{"conditions":{"actorId":1,"actorValid":false,"itemId":1,"itemValid":false,"selfSwitchCh":"A","selfSwitchValid":false,"switch1Id":1,"switch1Valid":false,"switch2Id":1,"switch2Valid":false,"variableId":80,"variableValid":true,"variableValue":4},"directionFix":false,"image":{"characterIndex":0,"characterName":"","direction":2,"pattern":0,"tileId":0},"list":[{"code":0,"indent":0,"parameters":[]}],"moveFrequency":3,"moveRoute":{"list":[{"code":0,"parameters":[]}],"repeat":true,"skippable":false,"wait":false},"moveSpeed":3,"moveType":0,"priorityType":0,"stepAnime":false,"through":false,"trigger":0,"walkAnime":true}],"x":15,"y":8},
{"id":19,"name":"EV019","note":"","pages":[{"conditions":{"actorId":1,"actorValid":false,"itemId":1,"itemValid":false,"selfSwitchCh":"A","selfSwitchValid":false,"switch1Id":1,"switch1Valid":false,"switch2Id":1,"switch2Valid":false,"variableId":80,"variableValid":true,"variableValue":3},"directionFix":false,"image":{"tileId":0,"characterName":"!prl_sunset_pinwheels","direction":2,"pattern":2,"characterIndex":0},"list":[{"code":0,"indent":0,"parameters":[]}],"moveFrequency":3,"moveRoute":{"list":[{"code":16,"indent":0},{"code":15,"parameters":[7],"indent":null},{"code":17,"indent":null},{"code":15,"parameters":[7],"indent":null},{"code":18,"indent":null},{"code":15,"parameters":[7],"indent":null},{"code":0,"parameters":[]}],"repeat":true,"skippable":false,"wait":false},"moveSpeed":3,"moveType":3,"priorityType":1,"stepAnime":false,"through":false,"trigger":0,"walkAnime":true},{"conditions":{"actorId":1,"actorValid":false,"itemId":1,"itemValid":false,"selfSwitchCh":"A","selfSwitchValid":false,"switch1Id":1,"switch1Valid":false,"switch2Id":1,"switch2Valid":false,"variableId":80,"variableValid":true,"variableValue":4},"directionFix":false,"image":{"characterIndex":0,"characterName":"","direction":2,"pattern":0,"tileId":0},"list":[{"code":0,"indent":0,"parameters":[]}],"moveFrequency":3,"moveRoute":{"list":[{"code":0,"parameters":[]}],"repeat":true,"skippable":false,"wait":false},"moveSpeed":3,"moveType":0,"priorityType":0,"stepAnime":false,"through":false,"trigger":0,"walkAnime":true}],"x":9,"y":10},
{"id":20,"name":"EV020","note":"","pages":[{"conditions":{"actorId":1,"actorValid":false,"itemId":1,"itemValid":false,"selfSwitchCh":"A","selfSwitchValid":false,"switch1Id":1,"switch1Valid":false,"switch2Id":1,"switch2Valid":false,"variableId":80,"variableValid":true,"variableValue":4},"directionFix":false,"image":{"tileId":0,"characterName":"DW_PRL_AUBREY","direction":2,"pattern":1,"characterIndex":0},"list":[{"code":0,"indent":0,"parameters":[]}],"moveFrequency":3,"moveRoute":{"list":[{"code":45,"parameters":["this.setCustomFrameXY(0, 4)"],"indent":null},{"code":15,"parameters":[7],"indent":null},{"code":45,"parameters":["this.setCustomFrameXY(1, 4)"],"indent":null},{"code":15,"parameters":[7],"indent":null},{"code":45,"parameters":["this.setCustomFrameXY(2, 4)"],"indent":null},{"code":15,"parameters":[7],"indent":null},{"code":45,"parameters":["this.setCustomFrameXY(0, 5)"],"indent":null},{"code":15,"parameters":[15],"indent":null},{"code":45,"parameters":["this.setCustomFrameXY(1, 5)"],"indent":null},{"code":15,"parameters":[7],"indent":null},{"code":45,"parameters":["this.setCustomFrameXY(2, 5)"],"indent":null},{"code":15,"parameters":[7],"indent":null},{"code":45,"parameters":["this.setCustomFrameXY(0, 6)"],"indent":null},{"code":15,"parameters":[15],"indent":null},{"code":45,"parameters":["this.setCustomFrameXY(1, 4)"],"indent":null},{"code":15,"parameters":[15],"indent":null},{"code":45,"parameters":["this.setCustomFrameXY(0, 4)"],"indent":null},{"code":15,"parameters":[120],"indent":null},{"code":0,"parameters":[]}],"repeat":true,"skippable":false,"wait":false},"moveSpeed":3,"moveType":3,"priorityType":1,"stepAnime":false,"through":false,"trigger":0,"walkAnime":true},{"conditions":{"actorId":1,"actorValid":false,"itemId":1,"itemValid":false,"selfSwitchCh":"A","selfSwitchValid":false,"switch1Id":1,"switch1Valid":false,"switch2Id":1,"switch2Valid":false,"variableId":80,"variableValid":true,"variableValue":5},"directionFix":false,"image":{"characterIndex":0,"characterName":"","direction":2,"pattern":0,"tileId":0},"list":[{"code":0,"indent":0,"parameters":[]}],"moveFrequency":3,"moveRoute":{"list":[{"code":0,"parameters":[]}],"repeat":true,"skippable":false,"wait":false},"moveSpeed":3,"moveType":0,"priorityType":0,"stepAnime":false,"through":false,"trigger":0,"walkAnime":true}],"x":13,"y":7},
{"id":21,"name":"EV021","note":"","pages":[{"conditions":{"actorId":1,"actorValid":false,"itemId":1,"itemValid":false,"selfSwitchCh":"A","selfSwitchValid":false,"switch1Id":1,"switch1Valid":false,"switch2Id":2066,"switch2Valid":false,"variableId":80,"variableValid":true,"variableValue":4},"directionFix":false,"image":{"tileId":0,"characterName":"DW_PRL_KIM","direction":2,"pattern":1,"characterIndex":0},"list":[{"code":0,"indent":0,"parameters":[]}],"moveFrequency":3,"moveRoute":{"list":[{"code":45,"parameters":["this.setCustomFrameXY(0, 4)"],"indent":null},{"code":15,"parameters":[7],"indent":null},{"code":45,"parameters":["this.setCustomFrameXY(1, 4)"],"indent":null},{"code":15,"parameters":[7],"indent":null},{"code":45,"parameters":["this.setCustomFrameXY(2, 4)"],"indent":null},{"code":15,"parameters":[7],"indent":null},{"code":45,"parameters":["this.setCustomFrameXY(0, 5)"],"indent":null},{"code":15,"parameters":[7],"indent":null},{"code":45,"parameters":["this.setCustomFrameXY(1, 5)"],"indent":null},{"code":15,"parameters":[7],"indent":null},{"code":45,"parameters":["this.setCustomFrameXY(2, 5)"],"indent":null},{"code":15,"parameters":[7],"indent":null},{"code":45,"parameters":["this.setCustomFrameXY(0, 6)"],"indent":null},{"code":15,"parameters":[7],"indent":null},{"code":45,"parameters":["this.setCustomFrameXY(1, 6)"],"indent":null},{"code":15,"parameters":[7],"indent":null},{"code":45,"parameters":["this.setCustomFrameXY(2, 6)"],"indent":null},{"code":15,"parameters":[120],"indent":null},{"code":0,"parameters":[]}],"repeat":true,"skippable":false,"wait":false},"moveSpeed":3,"moveType":3,"priorityType":1,"stepAnime":false,"through":false,"trigger":0,"walkAnime":true},{"conditions":{"actorId":1,"actorValid":false,"itemId":1,"itemValid":false,"selfSwitchCh":"A","selfSwitchValid":false,"switch1Id":1,"switch1Valid":false,"switch2Id":1,"switch2Valid":false,"variableId":80,"variableValid":true,"variableValue":5},"directionFix":false,"image":{"characterIndex":0,"characterName":"","direction":2,"pattern":0,"tileId":0},"list":[{"code":0,"indent":0,"parameters":[]}],"moveFrequency":3,"moveRoute":{"list":[{"code":0,"parameters":[]}],"repeat":true,"skippable":false,"wait":false},"moveSpeed":3,"moveType":0,"priorityType":0,"stepAnime":false,"through":false,"trigger":0,"walkAnime":true}],"x":3,"y":7},
{"id":22,"name":"EV022","note":"","pages":[{"conditions":{"actorId":1,"actorValid":false,"itemId":1,"itemValid":false,"selfSwitchCh":"A","selfSwitchValid":false,"switch1Id":2057,"switch1Valid":true,"switch2Id":1,"switch2Valid":false,"variableId":80,"variableValid":true,"variableValue":4},"directionFix":false,"image":{"tileId":0,"characterName":"PRL_TEAM","direction":2,"pattern":1,"characterIndex":3},"list":[{"code":0,"indent":0,"parameters":[]}],"moveFrequency":3,"moveRoute":{"list":[{"code":0,"parameters":[]}],"repeat":true,"skippable":false,"wait":false},"moveSpeed":3,"moveType":0,"priorityType":1,"stepAnime":false,"through":false,"trigger":0,"walkAnime":true},{"conditions":{"actorId":1,"actorValid":false,"itemId":1,"itemValid":false,"selfSwitchCh":"A","selfSwitchValid":false,"switch1Id":1,"switch1Valid":false,"switch2Id":1,"switch2Valid":false,"variableId":80,"variableValid":true,"variableValue":5},"directionFix":false,"image":{"characterIndex":0,"characterName":"","direction":2,"pattern":0,"tileId":0},"list":[{"code":0,"indent":0,"parameters":[]}],"moveFrequency":3,"moveRoute":{"list":[{"code":0,"parameters":[]}],"repeat":true,"skippable":false,"wait":false},"moveSpeed":3,"moveType":0,"priorityType":0,"stepAnime":false,"through":false,"trigger":0,"walkAnime":true}],"x":6,"y":11},
{"id":23,"name":"EV023","note":"","pages":[{"conditions":{"actorId":1,"actorValid":false,"itemId":1,"itemValid":false,"selfSwitchCh":"A","selfSwitchValid":false,"switch1Id":2057,"switch1Valid":true,"switch2Id":1,"switch2Valid":false,"variableId":80,"variableValid":true,"variableValue":4},"directionFix":false,"image":{"tileId":0,"characterName":"PRL_TEAM","direction":2,"pattern":1,"characterIndex":6},"list":[{"code":0,"indent":0,"parameters":[]}],"moveFrequency":3,"moveRoute":{"list":[{"code":0,"parameters":[]}],"repeat":true,"skippable":false,"wait":false},"moveSpeed":3,"moveType":0,"priorityType":1,"stepAnime":false,"through":false,"trigger":0,"walkAnime":true},{"conditions":{"actorId":1,"actorValid":false,"itemId":1,"itemValid":false,"selfSwitchCh":"A","selfSwitchValid":false,"switch1Id":1,"switch1Valid":false,"switch2Id":1,"switch2Valid":false,"variableId":80,"variableValid":true,"variableValue":5},"directionFix":false,"image":{"characterIndex":0,"characterName":"","direction":2,"pattern":0,"tileId":0},"list":[{"code":0,"indent":0,"parameters":[]}],"moveFrequency":3,"moveRoute":{"list":[{"code":0,"parameters":[]}],"repeat":true,"skippable":false,"wait":false},"moveSpeed":3,"moveType":0,"priorityType":0,"stepAnime":false,"through":false,"trigger":0,"walkAnime":true}],"x":10,"y":11},
{"id":24,"name":"EV024","note":"","pages":[{"conditions":{"actorId":1,"actorValid":false,"itemId":1,"itemValid":false,"selfSwitchCh":"A","selfSwitchValid":false,"switch1Id":2057,"switch1Valid":true,"switch2Id":1,"switch2Valid":false,"variableId":80,"variableValid":true,"variableValue":4},"directionFix":false,"image":{"tileId":0,"characterName":"PRL_TEAM","direction":2,"pattern":1,"characterIndex":4},"list":[{"code":0,"indent":0,"parameters":[]}],"moveFrequency":3,"moveRoute":{"list":[{"code":0,"parameters":[]}],"repeat":true,"skippable":false,"wait":false},"moveSpeed":3,"moveType":0,"priorityType":1,"stepAnime":false,"through":false,"trigger":0,"walkAnime":true},{"conditions":{"actorId":1,"actorValid":false,"itemId":1,"itemValid":false,"selfSwitchCh":"A","selfSwitchValid":false,"switch1Id":1,"switch1Valid":false,"switch2Id":1,"switch2Valid":false,"variableId":80,"variableValid":true,"variableValue":5},"directionFix":false,"image":{"characterIndex":0,"characterName":"","direction":2,"pattern":0,"tileId":0},"list":[{"code":0,"indent":0,"parameters":[]}],"moveFrequency":3,"moveRoute":{"list":[{"code":0,"parameters":[]}],"repeat":true,"skippable":false,"wait":false},"moveSpeed":3,"moveType":0,"priorityType":0,"stepAnime":false,"through":false,"trigger":0,"walkAnime":true}],"x":12,"y":10},
{"id":25,"name":"EV025","note":"","pages":[{"conditions":{"actorId":1,"actorValid":false,"itemId":1,"itemValid":false,"selfSwitchCh":"A","selfSwitchValid":false,"switch1Id":2057,"switch1Valid":true,"switch2Id":1,"switch2Valid":false,"variableId":80,"variableValid":true,"variableValue":4},"directionFix":false,"image":{"tileId":0,"characterName":"PRL_TEAM","direction":2,"pattern":1,"characterIndex":0},"list":[{"code":0,"indent":0,"parameters":[]}],"moveFrequency":3,"moveRoute":{"list":[{"code":0,"parameters":[]}],"repeat":true,"skippable":false,"wait":false},"moveSpeed":3,"moveType":0,"priorityType":1,"stepAnime":false,"through":false,"trigger":0,"walkAnime":true},{"conditions":{"actorId":1,"actorValid":false,"itemId":1,"itemValid":false,"selfSwitchCh":"A","selfSwitchValid":false,"switch1Id":1,"switch1Valid":false,"switch2Id":1,"switch2Valid":false,"variableId":80,"variableValid":true,"variableValue":5},"directionFix":false,"image":{"characterIndex":0,"characterName":"","direction":2,"pattern":0,"tileId":0},"list":[{"code":0,"indent":0,"parameters":[]}],"moveFrequency":3,"moveRoute":{"list":[{"code":0,"parameters":[]}],"repeat":true,"skippable":false,"wait":false},"moveSpeed":3,"moveType":0,"priorityType":0,"stepAnime":false,"through":false,"trigger":0,"walkAnime":true}],"x":4,"y":10},
{"id":26,"name":"EV026","note":"","pages":[{"conditions":{"actorId":1,"actorValid":false,"itemId":1,"itemValid":false,"selfSwitchCh":"A","selfSwitchValid":false,"switch1Id":2057,"switch1Valid":true,"switch2Id":1,"switch2Valid":false,"variableId":80,"variableValid":true,"variableValue":4},"directionFix":false,"image":{"tileId":0,"characterName":"PRL_TEAM","direction":2,"pattern":1,"characterIndex":7},"list":[{"code":0,"indent":0,"parameters":[]}],"moveFrequency":3,"moveRoute":{"list":[{"code":0,"parameters":[]}],"repeat":true,"skippable":false,"wait":false},"moveSpeed":3,"moveType":0,"priorityType":1,"stepAnime":false,"through":false,"trigger":0,"walkAnime":true},{"conditions":{"actorId":1,"actorValid":false,"itemId":1,"itemValid":false,"selfSwitchCh":"A","selfSwitchValid":false,"switch1Id":1,"switch1Valid":false,"switch2Id":1,"switch2Valid":false,"variableId":80,"variableValid":true,"variableValue":5},"directionFix":false,"image":{"characterIndex":0,"characterName":"","direction":2,"pattern":0,"tileId":0},"list":[{"code":0,"indent":0,"parameters":[]}],"moveFrequency":3,"moveRoute":{"list":[{"code":0,"parameters":[]}],"repeat":true,"skippable":false,"wait":false},"moveSpeed":3,"moveType":0,"priorityType":0,"stepAnime":false,"through":false,"trigger":0,"walkAnime":true}],"x":3,"y":12},
{"id":27,"name":"EV027","note":"","pages":[{"conditions":{"actorId":1,"actorValid":false,"itemId":1,"itemValid":false,"selfSwitchCh":"A","selfSwitchValid":false,"switch1Id":2057,"switch1Valid":true,"switch2Id":1,"switch2Valid":false,"variableId":80,"variableValid":true,"variableValue":4},"directionFix":false,"image":{"tileId":0,"characterName":"PRL_TEAM","direction":2,"pattern":2,"characterIndex":1},"list":[{"code":0,"indent":0,"parameters":[]}],"moveFrequency":3,"moveRoute":{"list":[{"code":15,"parameters":[60],"indent":null},{"code":17,"indent":null},{"code":15,"parameters":[10],"indent":null},{"code":18,"indent":null},{"code":15,"parameters":[10],"indent":0},{"code":19,"indent":null},{"code":15,"parameters":[10],"indent":0},{"code":16,"indent":null},{"code":15,"parameters":[30],"indent":null},{"code":0,"parameters":[]}],"repeat":true,"skippable":false,"wait":false},"moveSpeed":3,"moveType":3,"priorityType":1,"stepAnime":false,"through":false,"trigger":0,"walkAnime":true},{"conditions":{"actorId":1,"actorValid":false,"itemId":1,"itemValid":false,"selfSwitchCh":"A","selfSwitchValid":false,"switch1Id":1,"switch1Valid":false,"switch2Id":1,"switch2Valid":false,"variableId":80,"variableValid":true,"variableValue":5},"directionFix":false,"image":{"characterIndex":0,"characterName":"","direction":2,"pattern":0,"tileId":0},"list":[{"code":0,"indent":0,"parameters":[]}],"moveFrequency":3,"moveRoute":{"list":[{"code":0,"parameters":[]}],"repeat":true,"skippable":false,"wait":false},"moveSpeed":3,"moveType":0,"priorityType":0,"stepAnime":false,"through":false,"trigger":0,"walkAnime":true}],"x":13,"y":12},
{"id":28,"name":"EV028","note":"","pages":[{"conditions":{"actorId":1,"actorValid":false,"itemId":1,"itemValid":false,"selfSwitchCh":"A","selfSwitchValid":false,"switch1Id":1,"switch1Valid":false,"switch2Id":1,"switch2Valid":false,"variableId":80,"variableValid":true,"variableValue":5},"directionFix":false,"image":{"tileId":0,"characterName":"DW_PRL_BUNBUN","direction":2,"pattern":1,"characterIndex":1},"list":[{"code":0,"indent":0,"parameters":[]}],"moveFrequency":3,"moveRoute":{"list":[{"code":0,"parameters":[]}],"repeat":true,"skippable":false,"wait":false},"moveSpeed":3,"moveType":0,"priorityType":1,"stepAnime":true,"through":false,"trigger":0,"walkAnime":true},{"conditions":{"actorId":1,"actorValid":false,"itemId":1,"itemValid":false,"selfSwitchCh":"A","selfSwitchValid":false,"switch1Id":1,"switch1Valid":false,"switch2Id":1,"switch2Valid":false,"variableId":80,"variableValid":true,"variableValue":6},"directionFix":false,"image":{"characterIndex":0,"characterName":"","direction":2,"pattern":0,"tileId":0},"list":[{"code":0,"indent":0,"parameters":[]}],"moveFrequency":3,"moveRoute":{"list":[{"code":0,"parameters":[]}],"repeat":true,"skippable":false,"wait":false},"moveSpeed":3,"moveType":0,"priorityType":0,"stepAnime":false,"through":false,"trigger":0,"walkAnime":true}],"x":14,"y":6},
{"id":29,"name":"EV029","note":"","pages":[{"conditions":{"actorId":1,"actorValid":false,"itemId":1,"itemValid":false,"selfSwitchCh":"A","selfSwitchValid":false,"switch1Id":1,"switch1Valid":false,"switch2Id":1,"switch2Valid":false,"variableId":80,"variableValid":true,"variableValue":5},"directionFix":false,"image":{"tileId":0,"characterName":"$PRL_DW_ARACHTOIL_COMPENDIUM","direction":2,"pattern":1,"characterIndex":0},"list":[{"code":108,"indent":0,"parameters":["<Sprite Offset Y: -12>"]},{"code":0,"indent":0,"parameters":[]}],"moveFrequency":3,"moveRoute":{"list":[{"code":0,"parameters":[]}],"repeat":true,"skippable":false,"wait":false},"moveSpeed":3,"moveType":0,"priorityType":1,"stepAnime":true,"through":false,"trigger":0,"walkAnime":true},{"conditions":{"actorId":1,"actorValid":false,"itemId":1,"itemValid":false,"selfSwitchCh":"A","selfSwitchValid":false,"switch1Id":1,"switch1Valid":false,"switch2Id":1,"switch2Valid":false,"variableId":80,"variableValid":true,"variableValue":6},"directionFix":false,"image":{"tileId":0,"characterName":"$PRL_DW_OILIEN_COMPENDIUM","direction":2,"pattern":1,"characterIndex":0},"list":[{"code":0,"indent":0,"parameters":[]}],"moveFrequency":3,"moveRoute":{"list":[{"code":0,"parameters":[]}],"repeat":true,"skippable":false,"wait":false},"moveSpeed":3,"moveType":0,"priorityType":1,"stepAnime":true,"through":false,"trigger":0,"walkAnime":true},{"conditions":{"actorId":1,"actorValid":false,"itemId":1,"itemValid":false,"selfSwitchCh":"A","selfSwitchValid":false,"switch1Id":1,"switch1Valid":false,"switch2Id":1,"switch2Valid":false,"variableId":80,"variableValid":true,"variableValue":7},"directionFix":false,"image":{"characterIndex":0,"characterName":"","direction":2,"pattern":0,"tileId":0},"list":[{"code":0,"indent":0,"parameters":[]}],"moveFrequency":3,"moveRoute":{"list":[{"code":0,"parameters":[]}],"repeat":true,"skippable":false,"wait":false},"moveSpeed":3,"moveType":0,"priorityType":0,"stepAnime":false,"through":false,"trigger":0,"walkAnime":true}],"x":1,"y":9},
{"id":30,"name":"EV030","note":"","pages":[{"conditions":{"actorId":1,"actorValid":false,"itemId":1,"itemValid":false,"selfSwitchCh":"A","selfSwitchValid":false,"switch1Id":1,"switch1Valid":false,"switch2Id":1,"switch2Valid":false,"variableId":80,"variableValid":true,"variableValue":6},"directionFix":false,"image":{"tileId":0,"characterName":"PRL_omoexe_puzzydance","direction":2,"pattern":0,"characterIndex":0},"list":[{"code":0,"indent":0,"parameters":[]}],"moveFrequency":3,"moveRoute":{"list":[{"code":15,"parameters":[18],"indent":null},{"code":45,"parameters":["this.setCustomFrameXY(1,0)"],"indent":null},{"code":15,"parameters":[18],"indent":null},{"code":45,"parameters":["this.setCustomFrameXY(2,0)"],"indent":null},{"code":15,"parameters":[18],"indent":null},{"code":45,"parameters":["this.setCustomFrameXY(0,1)"],"indent":null},{"code":15,"parameters":[18],"indent":null},{"code":45,"parameters":["this.setCustomFrameXY(1,1)"],"indent":null},{"code":15,"parameters":[18],"indent":null},{"code":45,"parameters":["this.setCustomFrameXY(2,1)"],"indent":null},{"code":15,"parameters":[18],"indent":null},{"code":45,"parameters":["this.setCustomFrameXY(0,2)"],"indent":null},{"code":15,"parameters":[18],"indent":null},{"code":45,"parameters":["this.setCustomFrameXY(1,2)"],"indent":null},{"code":15,"parameters":[18],"indent":null},{"code":45,"parameters":["this.setCustomFrameXY(2,2)"],"indent":null},{"code":15,"parameters":[18],"indent":null},{"code":45,"parameters":["this.setCustomFrameXY(0,3)"],"indent":null},{"code":15,"parameters":[18],"indent":null},{"code":45,"parameters":["this.setCustomFrameXY(1,3)"],"indent":null},{"code":15,"parameters":[18],"indent":null},{"code":45,"parameters":["this.setCustomFrameXY(2,3)"],"indent":null},{"code":15,"parameters":[18],"indent":null},{"code":45,"parameters":["this.setCustomFrameXY(3,0)"],"indent":null},{"code":15,"parameters":[18],"indent":null},{"code":45,"parameters":["this.setCustomFrameXY(4,0)"],"indent":null},{"code":15,"parameters":[18],"indent":null},{"code":45,"parameters":["this.setCustomFrameXY(4,0)"],"indent":null},{"code":15,"parameters":[18],"indent":null},{"code":45,"parameters":["this.setCustomFrameXY(5,0)"],"indent":null},{"code":15,"parameters":[18],"indent":null},{"code":45,"parameters":["this.setCustomFrameXY(3,1)"],"indent":null},{"code":15,"parameters":[18],"indent":null},{"code":45,"parameters":["this.setCustomFrameXY(4,1)"],"indent":null},{"code":15,"parameters":[18],"indent":null},{"code":45,"parameters":["this.setCustomFrameXY(5,1)"],"indent":null},{"code":15,"parameters":[18],"indent":null},{"code":45,"parameters":["this.setCustomFrameXY(3,2)"],"indent":null},{"code":15,"parameters":[18],"indent":null},{"code":45,"parameters":["this.setCustomFrameXY(4, 2)"],"indent":null},{"code":15,"parameters":[18],"indent":null},{"code":45,"parameters":["this.setCustomFrameXY(5, 2)"],"indent":null},{"code":15,"parameters":[18],"indent":null},{"code":45,"parameters":["this.setCustomFrameXY(3, 3)"],"indent":null},{"code":15,"parameters":[18],"indent":null},{"code":45,"parameters":["this.setCustomFrameXY(4, 3)"],"indent":null},{"code":15,"parameters":[18],"indent":null},{"code":45,"parameters":["this.setCustomFrameXY(5, 3)"],"indent":null},{"code":15,"parameters":[18],"indent":null},{"code":45,"parameters":["this.setCustomFrameXY(0, 4)"],"indent":null},{"code":15,"parameters":[18],"indent":null},{"code":45,"parameters":["this.setCustomFrameXY(1, 4)"],"indent":null},{"code":15,"parameters":[18],"indent":null},{"code":45,"parameters":["this.setCustomFrameXY(2, 4)"],"indent":null},{"code":15,"parameters":[18],"indent":null},{"code":45,"parameters":["this.setCustomFrameXY(0, 5)"],"indent":null},{"code":15,"parameters":[18],"indent":null},{"code":45,"parameters":["this.setCustomFrameXY(1, 5)"],"indent":null},{"code":15,"parameters":[18],"indent":null},{"code":45,"parameters":["this.setCustomFrameXY(2, 5)"],"indent":null},{"code":15,"parameters":[18],"indent":null},{"code":45,"parameters":["this.setCustomFrameXY(0, 6)"],"indent":null},{"code":15,"parameters":[18],"indent":null},{"code":45,"parameters":["this.setCustomFrameXY(1, 6)"],"indent":null},{"code":15,"parameters":[18],"indent":null},{"code":45,"parameters":["this.setCustomFrameXY(2, 6)"],"indent":null},{"code":15,"parameters":[18],"indent":null},{"code":45,"parameters":["this.setCustomFrameXY(0, 7)"],"indent":null},{"code":15,"parameters":[18],"indent":null},{"code":45,"parameters":["this.setCustomFrameXY(1, 7)"],"indent":null},{"code":15,"parameters":[18],"indent":null},{"code":45,"parameters":["this.setCustomFrameXY(2, 7)"],"indent":null},{"code":15,"parameters":[18],"indent":null},{"code":45,"parameters":["this.setCustomFrameXY(0, 0)"],"indent":null},{"code":0,"parameters":[]}],"repeat":true,"skippable":false,"wait":false},"moveSpeed":3,"moveType":3,"priorityType":1,"stepAnime":false,"through":false,"trigger":0,"walkAnime":true},{"conditions":{"actorId":1,"actorValid":false,"itemId":1,"itemValid":false,"selfSwitchCh":"A","selfSwitchValid":false,"switch1Id":1,"switch1Valid":false,"switch2Id":1,"switch2Valid":false,"variableId":80,"variableValid":true,"variableValue":7},"directionFix":false,"image":{"characterIndex":0,"characterName":"","direction":2,"pattern":0,"tileId":0},"list":[{"code":0,"indent":0,"parameters":[]}],"moveFrequency":3,"moveRoute":{"list":[{"code":0,"parameters":[]}],"repeat":true,"skippable":false,"wait":false},"moveSpeed":3,"moveType":0,"priorityType":0,"stepAnime":false,"through":false,"trigger":0,"walkAnime":true}],"x":15,"y":4},
{"id":31,"name":"EV031","note":"<Sprite Offset Y: -6>","pages":[{"conditions":{"actorId":1,"actorValid":false,"itemId":1,"itemValid":false,"selfSwitchCh":"A","selfSwitchValid":false,"switch1Id":1,"switch1Valid":false,"switch2Id":1,"switch2Valid":false,"variableId":80,"variableValid":true,"variableValue":7},"directionFix":false,"image":{"tileId":0,"characterName":"!FA_OBJECTS_PARALLELS","direction":2,"pattern":1,"characterIndex":0},"list":[{"code":0,"indent":0,"parameters":[]}],"moveFrequency":3,"moveRoute":{"list":[{"code":0,"parameters":[]}],"repeat":true,"skippable":false,"wait":false},"moveSpeed":3,"moveType":0,"priorityType":1,"stepAnime":false,"through":false,"trigger":0,"walkAnime":true}],"x":6,"y":0},
{"id":32,"name":"EV032","note":"","pages":[{"conditions":{"actorId":1,"actorValid":false,"itemId":1,"itemValid":false,"selfSwitchCh":"A","selfSwitchValid":false,"switch1Id":1,"switch1Valid":false,"switch2Id":1,"switch2Valid":false,"variableId":80,"variableValid":true,"variableValue":7},"directionFix":false,"image":{"tileId":0,"characterName":"FA_GHOSTKEL","direction":2,"pattern":1,"characterIndex":0},"list":[{"code":0,"indent":0,"parameters":[]}],"moveFrequency":3,"moveRoute":{"list":[{"code":0,"parameters":[]}],"repeat":true,"skippable":false,"wait":false},"moveSpeed":3,"moveType":0,"priorityType":1,"stepAnime":false,"through":false,"trigger":0,"walkAnime":true}],"x":10,"y":0},
{"id":33,"name":"EV033","note":"","pages":[{"conditions":{"actorId":1,"actorValid":false,"itemId":1,"itemValid":false,"selfSwitchCh":"A","selfSwitchValid":false,"switch1Id":1,"switch1Valid":false,"switch2Id":1,"switch2Valid":false,"variableId":80,"variableValid":true,"variableValue":7},"directionFix":false,"image":{"tileId":0,"characterName":"PRL_SPIRIT_MARI","direction":2,"pattern":1,"characterIndex":0},"list":[{"code":0,"indent":0,"parameters":[]}],"moveFrequency":3,"moveRoute":{"list":[{"code":0,"parameters":[]}],"repeat":true,"skippable":false,"wait":false},"moveSpeed":3,"moveType":0,"priorityType":1,"stepAnime":false,"through":false,"trigger":0,"walkAnime":true}],"x":14,"y":2},
{"id":34,"name":"EV034","note":"","pages":[{"conditions":{"actorId":1,"actorValid":false,"itemId":1,"itemValid":false,"selfSwitchCh":"A","selfSwitchValid":false,"switch1Id":1,"switch1Valid":false,"switch2Id":1,"switch2Valid":false,"variableId":80,"variableValid":true,"variableValue":7},"directionFix":false,"image":{"tileId":0,"characterName":"FA_HERO_PAJAMAS","direction":2,"pattern":1,"characterIndex":0},"list":[{"code":0,"indent":0,"parameters":[]}],"moveFrequency":3,"moveRoute":{"list":[{"code":0,"parameters":[]}],"repeat":true,"skippable":false,"wait":false},"moveSpeed":3,"moveType":0,"priorityType":1,"stepAnime":false,"through":false,"trigger":0,"walkAnime":true}],"x":2,"y":2},
{"id":35,"name":"EV035","note":"","pages":[{"conditions":{"actorId":1,"actorValid":false,"itemId":1,"itemValid":false,"selfSwitchCh":"A","selfSwitchValid":false,"switch1Id":1,"switch1Valid":false,"switch2Id":1,"switch2Valid":false,"variableId":80,"variableValid":true,"variableValue":7},"directionFix":false,"image":{"tileId":0,"characterName":"$prl_newdesigns","direction":4,"pattern":0,"characterIndex":0},"list":[{"code":0,"indent":0,"parameters":[]}],"moveFrequency":3,"moveRoute":{"list":[{"code":0,"parameters":[]}],"repeat":true,"skippable":false,"wait":false},"moveSpeed":3,"moveType":0,"priorityType":1,"stepAnime":false,"through":false,"trigger":0,"walkAnime":true}],"x":2,"y":10},
{"id":36,"name":"EV036","note":"","pages":[{"conditions":{"actorId":1,"actorValid":false,"itemId":1,"itemValid":false,"selfSwitchCh":"A","selfSwitchValid":false,"switch1Id":1,"switch1Valid":false,"switch2Id":1,"switch2Valid":false,"variableId":80,"variableValid":true,"variableValue":7},"directionFix":false,"image":{"tileId":0,"characterName":"$prl_newdesigns","direction":4,"pattern":2,"characterIndex":0},"list":[{"code":0,"indent":0,"parameters":[]}],"moveFrequency":3,"moveRoute":{"list":[{"code":0,"parameters":[]}],"repeat":true,"skippable":false,"wait":false},"moveSpeed":3,"moveType":0,"priorityType":1,"stepAnime":false,"through":false,"trigger":0,"walkAnime":true}],"x":1,"y":6},
{"id":37,"name":"EV037","note":"","pages":[{"conditions":{"actorId":1,"actorValid":false,"itemId":1,"itemValid":false,"selfSwitchCh":"A","selfSwitchValid":false,"switch1Id":1,"switch1Valid":false,"switch2Id":1,"switch2Valid":false,"variableId":80,"variableValid":true,"variableValue":7},"directionFix":false,"image":{"tileId":0,"characterName":"DW_PRL_AUBREY","direction":2,"pattern":1,"characterIndex":0},"list":[{"code":0,"indent":0,"parameters":[]}],"moveFrequency":3,"moveRoute":{"list":[{"code":0,"parameters":[]}],"repeat":true,"skippable":false,"wait":false},"moveSpeed":3,"moveType":0,"priorityType":1,"stepAnime":false,"through":false,"trigger":0,"walkAnime":true}],"x":10,"y":12},
{"id":38,"name":"EV038","note":"","pages":[{"conditions":{"actorId":1,"actorValid":false,"itemId":1,"itemValid":false,"selfSwitchCh":"A","selfSwitchValid":false,"switch1Id":1,"switch1Valid":false,"switch2Id":1,"switch2Valid":false,"variableId":80,"variableValid":true,"variableValue":7},"directionFix":false,"image":{"tileId":0,"characterName":"$prl_newdesigns","direction":2,"pattern":2,"characterIndex":0},"list":[{"code":0,"indent":0,"parameters":[]}],"moveFrequency":3,"moveRoute":{"list":[{"code":0,"parameters":[]}],"repeat":true,"skippable":false,"wait":false},"moveSpeed":3,"moveType":0,"priorityType":1,"stepAnime":false,"through":false,"trigger":0,"walkAnime":true}],"x":15,"y":6},
{"id":39,"name":"EV039","note":"","pages":[{"conditions":{"actorId":1,"actorValid":false,"itemId":1,"itemValid":false,"selfSwitchCh":"A","selfSwitchValid":false,"switch1Id":2057,"switch1Valid":true,"switch2Id":1,"switch2Valid":false,"variableId":80,"variableValid":true,"variableValue":4},"directionFix":false,"image":{"tileId":0,"characterName":"PRL_TEAM","direction":8,"pattern":0,"characterIndex":1},"list":[{"code":0,"indent":0,"parameters":[]}],"moveFrequency":3,"moveRoute":{"list":[{"code":0,"parameters":[]}],"repeat":true,"skippable":false,"wait":false},"moveSpeed":3,"moveType":0,"priorityType":1,"stepAnime":false,"through":false,"trigger":0,"walkAnime":true},{"conditions":{"actorId":1,"actorValid":false,"itemId":1,"itemValid":false,"selfSwitchCh":"A","selfSwitchValid":false,"switch1Id":1,"switch1Valid":false,"switch2Id":1,"switch2Valid":false,"variableId":80,"variableValid":true,"variableValue":5},"directionFix":false,"image":{"characterIndex":0,"characterName":"","direction":2,"pattern":0,"tileId":0},"list":[{"code":0,"indent":0,"parameters":[]}],"moveFrequency":3,"moveRoute":{"list":[{"code":0,"parameters":[]}],"repeat":true,"skippable":false,"wait":false},"moveSpeed":3,"moveType":0,"priorityType":0,"stepAnime":false,"through":false,"trigger":0,"walkAnime":true}],"x":8,"y":11}
]
}