{ "columns":32,
 "image":"..\/img\/tilesets\/PRL_DW_SPACESHIP.png",
 "imageheight":1024,
 "imagewidth":1024,
 "margin":0,
 "name":"DW_SPACESHIP",
 "spacing":0,
 "tilecount":1024,
 "tiledversion":"1.11.0",
 "tileheight":32,
 "tiles":[
        {
         "animation":[
                {
                 "duration":200,
                 "tileid":151
                }, 
                {
                 "duration":100,
                 "tileid":87
                }, 
                {
                 "duration":200,
                 "tileid":119
                }, 
                {
                 "duration":300,
                 "tileid":87
                }],
         "id":87
        }, 
        {
         "animation":[
                {
                 "duration":250,
                 "tileid":270
                }, 
                {
                 "duration":250,
                 "tileid":302
                }, 
                {
                 "duration":250,
                 "tileid":334
                }],
         "id":270
        }, 
        {
         "animation":[
                {
                 "duration":250,
                 "tileid":271
                }, 
                {
                 "duration":250,
                 "tileid":303
                }, 
                {
                 "duration":250,
                 "tileid":335
                }],
         "id":271
        }, 
        {
         "animation":[
                {
                 "duration":250,
                 "tileid":272
                }, 
                {
                 "duration":250,
                 "tileid":304
                }, 
                {
                 "duration":250,
                 "tileid":336
                }],
         "id":272
        }, 
        {
         "animation":[
                {
                 "duration":150,
                 "tileid":358
                }, 
                {
                 "duration":150,
                 "tileid":359
                }, 
                {
                 "duration":150,
                 "tileid":360
                }],
         "id":358
        }, 
        {
         "animation":[
                {
                 "duration":150,
                 "tileid":390
                }, 
                {
                 "duration":150,
                 "tileid":391
                }, 
                {
                 "duration":150,
                 "tileid":392
                }],
         "id":390
        }, 
        {
         "animation":[
                {
                 "duration":300,
                 "tileid":614
                }, 
                {
                 "duration":300,
                 "tileid":678
                }, 
                {
                 "duration":300,
                 "tileid":742
                }, 
                {
                 "duration":300,
                 "tileid":678
                }],
         "id":614
        }, 
        {
         "animation":[
                {
                 "duration":300,
                 "tileid":615
                }, 
                {
                 "duration":300,
                 "tileid":679
                }, 
                {
                 "duration":300,
                 "tileid":743
                }, 
                {
                 "duration":300,
                 "tileid":679
                }],
         "id":615
        }, 
        {
         "animation":[
                {
                 "duration":300,
                 "tileid":616
                }, 
                {
                 "duration":300,
                 "tileid":680
                }, 
                {
                 "duration":300,
                 "tileid":744
                }, 
                {
                 "duration":300,
                 "tileid":680
                }],
         "id":616
        }, 
        {
         "animation":[
                {
                 "duration":300,
                 "tileid":646
                }, 
                {
                 "duration":300,
                 "tileid":710
                }, 
                {
                 "duration":300,
                 "tileid":774
                }, 
                {
                 "duration":300,
                 "tileid":710
                }],
         "id":646
        }, 
        {
         "animation":[
                {
                 "duration":300,
                 "tileid":647
                }, 
                {
                 "duration":300,
                 "tileid":711
                }, 
                {
                 "duration":300,
                 "tileid":775
                }, 
                {
                 "duration":300,
                 "tileid":711
                }],
         "id":647
        }, 
        {
         "animation":[
                {
                 "duration":300,
                 "tileid":648
                }, 
                {
                 "duration":300,
                 "tileid":712
                }, 
                {
                 "duration":300,
                 "tileid":776
                }, 
                {
                 "duration":300,
                 "tileid":712
                }],
         "id":648
        }, 
        {
         "animation":[
                {
                 "duration":250,
                 "tileid":723
                }, 
                {
                 "duration":250,
                 "tileid":659
                }, 
                {
                 "duration":250,
                 "tileid":691
                }, 
                {
                 "duration":250,
                 "tileid":659
                }],
         "id":659
        }, 
        {
         "animation":[
                {
                 "duration":250,
                 "tileid":724
                }, 
                {
                 "duration":250,
                 "tileid":660
                }, 
                {
                 "duration":250,
                 "tileid":692
                }, 
                {
                 "duration":250,
                 "tileid":660
                }],
         "id":660
        }, 
        {
         "animation":[
                {
                 "duration":250,
                 "tileid":725
                }, 
                {
                 "duration":250,
                 "tileid":661
                }, 
                {
                 "duration":250,
                 "tileid":693
                }],
         "id":661
        }, 
        {
         "animation":[
                {
                 "duration":250,
                 "tileid":726
                }, 
                {
                 "duration":250,
                 "tileid":662
                }, 
                {
                 "duration":250,
                 "tileid":694
                }, 
                {
                 "duration":250,
                 "tileid":662
                }],
         "id":662
        }, 
        {
         "animation":[
                {
                 "duration":250,
                 "tileid":727
                }, 
                {
                 "duration":250,
                 "tileid":663
                }, 
                {
                 "duration":250,
                 "tileid":695
                }, 
                {
                 "duration":250,
                 "tileid":663
                }],
         "id":663
        }, 
        {
         "animation":[
                {
                 "duration":250,
                 "tileid":728
                }, 
                {
                 "duration":250,
                 "tileid":664
                }, 
                {
                 "duration":250,
                 "tileid":696
                }, 
                {
                 "duration":250,
                 "tileid":664
                }],
         "id":664
        }, 
        {
         "animation":[
                {
                 "duration":250,
                 "tileid":729
                }, 
                {
                 "duration":250,
                 "tileid":665
                }, 
                {
                 "duration":250,
                 "tileid":697
                }, 
                {
                 "duration":250,
                 "tileid":665
                }],
         "id":665
        }, 
        {
         "animation":[
                {
                 "duration":300,
                 "tileid":678
                }, 
                {
                 "duration":300,
                 "tileid":742
                }, 
                {
                 "duration":300,
                 "tileid":678
                }, 
                {
                 "duration":300,
                 "tileid":614
                }],
         "id":678
        }, 
        {
         "animation":[
                {
                 "duration":300,
                 "tileid":679
                }, 
                {
                 "duration":300,
                 "tileid":743
                }, 
                {
                 "duration":300,
                 "tileid":679
                }, 
                {
                 "duration":300,
                 "tileid":615
                }],
         "id":679
        }, 
        {
         "animation":[
                {
                 "duration":300,
                 "tileid":680
                }, 
                {
                 "duration":300,
                 "tileid":744
                }, 
                {
                 "duration":300,
                 "tileid":680
                }, 
                {
                 "duration":300,
                 "tileid":616
                }],
         "id":680
        }, 
        {
         "animation":[
                {
                 "duration":300,
                 "tileid":710
                }, 
                {
                 "duration":300,
                 "tileid":774
                }, 
                {
                 "duration":300,
                 "tileid":710
                }, 
                {
                 "duration":300,
                 "tileid":646
                }],
         "id":710
        }, 
        {
         "animation":[
                {
                 "duration":300,
                 "tileid":711
                }, 
                {
                 "duration":300,
                 "tileid":775
                }, 
                {
                 "duration":300,
                 "tileid":711
                }, 
                {
                 "duration":300,
                 "tileid":647
                }],
         "id":711
        }, 
        {
         "animation":[
                {
                 "duration":300,
                 "tileid":712
                }, 
                {
                 "duration":300,
                 "tileid":776
                }, 
                {
                 "duration":300,
                 "tileid":712
                }, 
                {
                 "duration":300,
                 "tileid":648
                }],
         "id":712
        }, 
        {
         "animation":[
                {
                 "duration":300,
                 "tileid":742
                }, 
                {
                 "duration":300,
                 "tileid":678
                }, 
                {
                 "duration":300,
                 "tileid":614
                }, 
                {
                 "duration":300,
                 "tileid":678
                }],
         "id":742
        }, 
        {
         "animation":[
                {
                 "duration":300,
                 "tileid":743
                }, 
                {
                 "duration":300,
                 "tileid":679
                }, 
                {
                 "duration":300,
                 "tileid":615
                }, 
                {
                 "duration":300,
                 "tileid":679
                }],
         "id":743
        }, 
        {
         "animation":[
                {
                 "duration":300,
                 "tileid":744
                }, 
                {
                 "duration":300,
                 "tileid":680
                }, 
                {
                 "duration":300,
                 "tileid":616
                }, 
                {
                 "duration":300,
                 "tileid":680
                }],
         "id":744
        }, 
        {
         "animation":[
                {
                 "duration":300,
                 "tileid":774
                }, 
                {
                 "duration":300,
                 "tileid":710
                }, 
                {
                 "duration":300,
                 "tileid":646
                }, 
                {
                 "duration":300,
                 "tileid":710
                }],
         "id":774
        }, 
        {
         "animation":[
                {
                 "duration":300,
                 "tileid":775
                }, 
                {
                 "duration":300,
                 "tileid":711
                }, 
                {
                 "duration":300,
                 "tileid":647
                }, 
                {
                 "duration":300,
                 "tileid":711
                }],
         "id":775
        }, 
        {
         "animation":[
                {
                 "duration":300,
                 "tileid":776
                }, 
                {
                 "duration":300,
                 "tileid":712
                }, 
                {
                 "duration":300,
                 "tileid":648
                }, 
                {
                 "duration":300,
                 "tileid":712
                }],
         "id":776
        }, 
        {
         "animation":[
                {
                 "duration":100,
                 "tileid":888
                }, 
                {
                 "duration":100,
                 "tileid":886
                }, 
                {
                 "duration":100,
                 "tileid":884
                }],
         "id":888
        }, 
        {
         "animation":[
                {
                 "duration":100,
                 "tileid":889
                }, 
                {
                 "duration":100,
                 "tileid":887
                }, 
                {
                 "duration":100,
                 "tileid":885
                }],
         "id":889
        }, 
        {
         "animation":[
                {
                 "duration":100,
                 "tileid":920
                }, 
                {
                 "duration":100,
                 "tileid":918
                }, 
                {
                 "duration":100,
                 "tileid":916
                }],
         "id":920
        }, 
        {
         "animation":[
                {
                 "duration":100,
                 "tileid":921
                }, 
                {
                 "duration":100,
                 "tileid":919
                }, 
                {
                 "duration":100,
                 "tileid":917
                }],
         "id":921
        }],
 "tilewidth":32,
 "type":"tileset",
 "version":"1.10",
 "wangsets":[
        {
         "colors":[
                {
                 "color":"#ff0000",
                 "name":"floor",
                 "probability":1,
                 "tile":39
                }, 
                {
                 "color":"#00ff00",
                 "name":"wall",
                 "probability":1,
                 "tile":87
                }, 
                {
                 "color":"#0000ff",
                 "name":"New Terrain",
                 "probability":1,
                 "tile":262
                }, 
                {
                 "color":"#ff7700",
                 "name":"ElectFloor",
                 "probability":1,
                 "tile":-1
                }],
         "name":"Terrains",
         "tile":-1,
         "type":"corner",
         "wangtiles":[
                {
                 "tileid":12,
                 "wangid":[0, 1, 0, 0, 0, 1, 0, 1]
                }, 
                {
                 "tileid":13,
                 "wangid":[0, 1, 0, 1, 0, 0, 0, 1]
                }, 
                {
                 "tileid":44,
                 "wangid":[0, 0, 0, 1, 0, 1, 0, 1]
                }, 
                {
                 "tileid":45,
                 "wangid":[0, 1, 0, 1, 0, 1, 0, 0]
                }, 
                {
                 "tileid":75,
                 "wangid":[0, 0, 0, 1, 0, 0, 0, 0]
                }, 
                {
                 "tileid":76,
                 "wangid":[0, 0, 0, 1, 0, 1, 0, 0]
                }, 
                {
                 "tileid":77,
                 "wangid":[0, 0, 0, 0, 0, 1, 0, 0]
                }, 
                {
                 "tileid":102,
                 "wangid":[0, 2, 0, 2, 0, 0, 0, 0]
                }, 
                {
                 "tileid":103,
                 "wangid":[0, 2, 0, 2, 0, 2, 0, 2]
                }, 
                {
                 "tileid":104,
                 "wangid":[0, 0, 0, 0, 0, 2, 0, 2]
                }, 
                {
                 "tileid":107,
                 "wangid":[0, 1, 0, 1, 0, 0, 0, 0]
                }, 
                {
                 "tileid":108,
                 "wangid":[0, 1, 0, 1, 0, 1, 0, 1]
                }, 
                {
                 "tileid":109,
                 "wangid":[0, 0, 0, 0, 0, 1, 0, 1]
                }, 
                {
                 "tileid":134,
                 "wangid":[0, 0, 0, 2, 0, 0, 0, 0]
                }, 
                {
                 "tileid":135,
                 "wangid":[0, 0, 0, 2, 0, 2, 0, 0]
                }, 
                {
                 "tileid":138,
                 "wangid":[0, 0, 0, 0, 0, 2, 0, 0]
                }, 
                {
                 "tileid":139,
                 "wangid":[0, 1, 0, 0, 0, 0, 0, 0]
                }, 
                {
                 "tileid":140,
                 "wangid":[0, 1, 0, 0, 0, 0, 0, 1]
                }, 
                {
                 "tileid":141,
                 "wangid":[0, 0, 0, 0, 0, 0, 0, 1]
                }, 
                {
                 "tileid":166,
                 "wangid":[0, 2, 0, 0, 0, 0, 0, 0]
                }, 
                {
                 "tileid":167,
                 "wangid":[0, 2, 0, 0, 0, 0, 0, 2]
                }, 
                {
                 "tileid":170,
                 "wangid":[0, 0, 0, 0, 0, 0, 0, 2]
                }, 
                {
                 "tileid":262,
                 "wangid":[0, 3, 0, 3, 0, 3, 0, 3]
                }, 
                {
                 "tileid":293,
                 "wangid":[0, 0, 0, 3, 0, 0, 0, 0]
                }, 
                {
                 "tileid":294,
                 "wangid":[0, 0, 0, 0, 0, 3, 0, 0]
                }, 
                {
                 "tileid":295,
                 "wangid":[0, 0, 0, 3, 0, 3, 0, 0]
                }, 
                {
                 "tileid":325,
                 "wangid":[0, 3, 0, 0, 0, 0, 0, 0]
                }, 
                {
                 "tileid":326,
                 "wangid":[0, 0, 0, 0, 0, 0, 0, 3]
                }, 
                {
                 "tileid":327,
                 "wangid":[0, 3, 0, 0, 0, 0, 0, 3]
                }, 
                {
                 "tileid":329,
                 "wangid":[0, 3, 0, 3, 0, 0, 0, 0]
                }, 
                {
                 "tileid":330,
                 "wangid":[0, 0, 0, 0, 0, 3, 0, 3]
                }, 
                {
                 "tileid":361,
                 "wangid":[0, 0, 0, 4, 0, 0, 0, 0]
                }, 
                {
                 "tileid":362,
                 "wangid":[0, 0, 0, 4, 0, 4, 0, 0]
                }, 
                {
                 "tileid":363,
                 "wangid":[0, 0, 0, 0, 0, 4, 0, 0]
                }, 
                {
                 "tileid":393,
                 "wangid":[0, 4, 0, 4, 0, 0, 0, 0]
                }, 
                {
                 "tileid":394,
                 "wangid":[0, 4, 0, 4, 0, 4, 0, 4]
                }, 
                {
                 "tileid":395,
                 "wangid":[0, 0, 0, 0, 0, 4, 0, 4]
                }, 
                {
                 "tileid":425,
                 "wangid":[0, 4, 0, 0, 0, 0, 0, 0]
                }, 
                {
                 "tileid":426,
                 "wangid":[0, 4, 0, 0, 0, 0, 0, 4]
                }, 
                {
                 "tileid":427,
                 "wangid":[0, 0, 0, 0, 0, 0, 0, 4]
                }, 
                {
                 "tileid":457,
                 "wangid":[0, 4, 0, 0, 0, 4, 0, 4]
                }, 
                {
                 "tileid":458,
                 "wangid":[0, 4, 0, 4, 0, 0, 0, 4]
                }, 
                {
                 "tileid":489,
                 "wangid":[0, 0, 0, 4, 0, 4, 0, 4]
                }, 
                {
                 "tileid":490,
                 "wangid":[0, 4, 0, 4, 0, 4, 0, 0]
                }]
        }]
}