{ "columns":32,
 "image":"..\/img\/tilesets\/PRL_DW_SPACESHIP_CTRL.png",
 "imageheight":1024,
 "imagewidth":1024,
 "margin":0,
 "name":"DW_SpaceshipControlRoom",
 "spacing":0,
 "tilecount":1024,
 "tiledversion":"1.11.0",
 "tileheight":32,
 "tiles":[
        {
         "animation":[
                {
                 "duration":250,
                 "tileid":504
                }, 
                {
                 "duration":250,
                 "tileid":502
                }, 
                {
                 "duration":250,
                 "tileid":500
                }],
         "id":504
        }, 
        {
         "animation":[
                {
                 "duration":250,
                 "tileid":505
                }, 
                {
                 "duration":250,
                 "tileid":503
                }, 
                {
                 "duration":250,
                 "tileid":501
                }],
         "id":505
        }, 
        {
         "animation":[
                {
                 "duration":250,
                 "tileid":506
                }, 
                {
                 "duration":250,
                 "tileid":508
                }, 
                {
                 "duration":250,
                 "tileid":510
                }],
         "id":506
        }, 
        {
         "animation":[
                {
                 "duration":250,
                 "tileid":507
                }, 
                {
                 "duration":250,
                 "tileid":509
                }, 
                {
                 "duration":250,
                 "tileid":511
                }],
         "id":507
        }, 
        {
         "animation":[
                {
                 "duration":250,
                 "tileid":536
                }, 
                {
                 "duration":250,
                 "tileid":534
                }, 
                {
                 "duration":250,
                 "tileid":532
                }],
         "id":536
        }, 
        {
         "animation":[
                {
                 "duration":250,
                 "tileid":537
                }, 
                {
                 "duration":250,
                 "tileid":535
                }, 
                {
                 "duration":250,
                 "tileid":533
                }],
         "id":537
        }, 
        {
         "animation":[
                {
                 "duration":250,
                 "tileid":538
                }, 
                {
                 "duration":250,
                 "tileid":540
                }, 
                {
                 "duration":250,
                 "tileid":542
                }],
         "id":538
        }, 
        {
         "animation":[
                {
                 "duration":250,
                 "tileid":539
                }, 
                {
                 "duration":250,
                 "tileid":541
                }, 
                {
                 "duration":250,
                 "tileid":543
                }],
         "id":539
        }, 
        {
         "animation":[
                {
                 "duration":250,
                 "tileid":569
                }, 
                {
                 "duration":250,
                 "tileid":567
                }, 
                {
                 "duration":250,
                 "tileid":565
                }],
         "id":569
        }, 
        {
         "animation":[
                {
                 "duration":250,
                 "tileid":570
                }, 
                {
                 "duration":250,
                 "tileid":572
                }, 
                {
                 "duration":250,
                 "tileid":574
                }],
         "id":570
        }, 
        {
         "animation":[
                {
                 "duration":250,
                 "tileid":600
                }, 
                {
                 "duration":250,
                 "tileid":598
                }, 
                {
                 "duration":250,
                 "tileid":596
                }],
         "id":600
        }, 
        {
         "animation":[
                {
                 "duration":250,
                 "tileid":601
                }, 
                {
                 "duration":250,
                 "tileid":599
                }, 
                {
                 "duration":250,
                 "tileid":597
                }],
         "id":601
        }, 
        {
         "animation":[
                {
                 "duration":250,
                 "tileid":602
                }, 
                {
                 "duration":250,
                 "tileid":604
                }, 
                {
                 "duration":250,
                 "tileid":606
                }],
         "id":602
        }, 
        {
         "animation":[
                {
                 "duration":250,
                 "tileid":603
                }, 
                {
                 "duration":250,
                 "tileid":605
                }, 
                {
                 "duration":250,
                 "tileid":607
                }],
         "id":603
        }, 
        {
         "animation":[
                {
                 "duration":250,
                 "tileid":632
                }, 
                {
                 "duration":250,
                 "tileid":630
                }, 
                {
                 "duration":250,
                 "tileid":628
                }],
         "id":632
        }, 
        {
         "animation":[
                {
                 "duration":250,
                 "tileid":635
                }, 
                {
                 "duration":250,
                 "tileid":637
                }, 
                {
                 "duration":250,
                 "tileid":639
                }],
         "id":635
        }, 
        {
         "animation":[
                {
                 "duration":250,
                 "tileid":760
                }, 
                {
                 "duration":250,
                 "tileid":758
                }, 
                {
                 "duration":250,
                 "tileid":759
                }, 
                {
                 "duration":250,
                 "tileid":758
                }],
         "id":758
        }, 
        {
         "animation":[
                {
                 "duration":250,
                 "tileid":765
                }, 
                {
                 "duration":250,
                 "tileid":761
                }, 
                {
                 "duration":250,
                 "tileid":763
                }, 
                {
                 "duration":250,
                 "tileid":761
                }],
         "id":761
        }, 
        {
         "animation":[
                {
                 "duration":250,
                 "tileid":797
                }, 
                {
                 "duration":250,
                 "tileid":793
                }, 
                {
                 "duration":250,
                 "tileid":795
                }, 
                {
                 "duration":250,
                 "tileid":793
                }],
         "id":793
        }, 
        {
         "animation":[
                {
                 "duration":250,
                 "tileid":798
                }, 
                {
                 "duration":250,
                 "tileid":794
                }, 
                {
                 "duration":250,
                 "tileid":796
                }, 
                {
                 "duration":250,
                 "tileid":794
                }],
         "id":794
        }, 
        {
         "animation":[
                {
                 "duration":250,
                 "tileid":825
                }, 
                {
                 "duration":250,
                 "tileid":829
                }, 
                {
                 "duration":250,
                 "tileid":827
                }, 
                {
                 "duration":250,
                 "tileid":829
                }],
         "id":825
        }, 
        {
         "animation":[
                {
                 "duration":250,
                 "tileid":856
                }, 
                {
                 "duration":250,
                 "tileid":860
                }, 
                {
                 "duration":250,
                 "tileid":858
                }, 
                {
                 "duration":250,
                 "tileid":860
                }],
         "id":856
        }, 
        {
         "animation":[
                {
                 "duration":250,
                 "tileid":857
                }, 
                {
                 "duration":250,
                 "tileid":861
                }, 
                {
                 "duration":250,
                 "tileid":859
                }, 
                {
                 "duration":250,
                 "tileid":861
                }],
         "id":857
        }],
 "tilewidth":32,
 "type":"tileset",
 "version":"1.10"
}